N,k,anytime,finite_horizon,any_union
1000,2,18.922971837490117,17.70854739089349,1.0685784338935185
1122,2,21.23157440166391,17.860794727572014,1.1887250665777132
1259,2,20.782388478132525,18.011660933842563,1.1538296526048841
1413,2,20.359349553607224,18.161391812558225,1.1210236398032645
1585,2,19.931766878932372,18.309167945232925,1.0886222103895178
1778,2,19.519690085704568,18.455822276426208,1.0576440211302451
1995,2,19.136122647382127,18.601716264145523,1.0287288751020605
2239,2,21.476580755633375,18.746902457232807,1.1456068971728939
2512,2,21.051345775425933,18.89074734556309,1.1143733696893845
2818,2,20.634927603188068,19.033618441350345,1.0841305696429688
3162,2,20.240952586027166,19.175989904557916,1.0555362558475339
3548,2,19.86071944346179,19.317637413919496,1.028113273787351
3981,2,19.495816662501056,19.458575234699627,1.0019138825608886
4467,2,19.13976024006885,19.59893248114028,0.9765715688079806
5012,2,21.474922391588333,19.738631168446624,1.0879641150556212
5623,2,21.085882889989723,19.87768703652853,1.0607815110098542
6310,2,20.71550550649762,20.016532722397464,1.0349197732591342
7079,2,20.35431075826363,20.154584165418996,1.0099097352346929
7943,2,20.005530989376084,20.292395226926075,0.9858634609496789
8913,2,19.67063651674194,20.42987363747392,0.9628369154795292
10000,2,19.34376263767774,20.566798823043218,0.9405334687284841
11220,2,21.703701679474428,20.70341438465782,1.048315088334312
12589,2,21.351850022955574,20.839711167509726,1.0245751417248192
14125,2,21.009074556580366,20.975690888397505,1.0015915408155316
15849,2,20.678179827643103,21.111418833773556,0.979478451470189
17783,2,20.35718172288412,21.24683994130428,0.9581275040957669
19953,2,20.047221839037448,21.381997388645726,0.9375747959675148
22387,2,19.74564256179374,21.516863457454612,0.9176821984689769
25119,2,22.155304217166076,21.651543331836418,1.0232667425877642
28184,2,21.828464637427427,21.785981628995312,1.0019500158017012
31623,2,21.511978659996558,21.92020620732908,0.9813766556997063
35481,2,21.204864822871865,22.054206106909565,0.9614884671014478
39811,2,20.907558918472404,22.188049693769052,0.9422891694867512
44668,2,20.618570404114575,22.321669733868465,0.9237019743567931
50119,2,20.338491507830298,22.45514424432978,0.9057386265940391
56234,2,20.066990319740675,22.588422230908808,0.8883750318905436
63096,2,19.803633955592634,22.72155185245982,0.8715792866695724
70795,2,22.22008155645652,22.854516920926155,0.9722402636352059
79433,2,21.932735409497194,22.98732234259872,0.9541231067549251
89125,2,21.65429119010756,23.11998020438208,0.9366050921619423
100000,2,21.38364321847749,23.252499807046224,0.9196277129737933
112202,2,21.121104437248533,23.384881039597598,0.9031948634454965
125893,2,20.865979799316616,23.517128738237002,0.887267320410173
141254,2,20.618201233712266,23.649240995139373,0.8718335289470781
158489,2,20.37732157302571,23.7812241295255,0.8568659654372591
177828,2,20.143456712973475,23.913090642085475,0.8423610738765114
199526,2,19.91600066433424,24.044832328519355,0.828286111220333
223872,2,22.34613484320758,24.176459016824946,0.9242931244669205
251189,2,22.098142865494665,24.30797250915896,0.9090903347520384
281838,2,21.856918476977018,24.439368966328892,0.894332358052705
316228,2,21.622486009345774,24.570660715783486,0.8800123960629237
354813,2,21.394439838823345,24.70184113266224,0.8661070939580431
398107,2,21.172650991446968,24.83291940258557,0.8526041843168266
446684,2,20.956967397944258,24.963895524619875,0.839491071306403
501187,2,20.747025055916584,25.09476762238026,0.8267470481541248
562341,2,20.542860217653054,25.225542112731205,0.8143674425647002
630957,2,20.344150850419826,25.35621950887405,0.8023337565483638
707946,2,20.150808830507504,25.48680228018918,0.7906369974930386
794328,2,22.609565809707753,25.617289482141732,0.8825900892235021
891251,2,22.39843496737802,25.747685409362454,0.8699203291971802
1000000,2,22.192898029311692,25.877989966214226,0.8575974431664238
1122018,2,21.992852069770894,26.008204693970438,0.8456120800552437
1258925,2,21.798100738992613,26.138331889491415,0.8339514866959151
1412538,2,21.608510365211455,26.268372971091996,0.8226055869159213
1584893,2,21.423907206896917,26.39832732870143,0.8115630562548521
1778279,2,21.244168926521294,26.528197799450716,0.800814630798673
1995262,2,21.069157144819762,26.657985392437244,0.7903506898460899
2238721,2,20.89873375831555,26.787691071089593,0.7801618177115065
2511886,2,20.732781062938436,26.917315683036403,0.7702395479206149
2818383,2,20.57117349103873,27.046860875514536,0.7605752691862947
3162278,2,20.41379792681938,27.176327215254535,0.7511610294183081
3548134,2,20.26053054483529,27.305715657759567,0.7419886297350269
3981072,2,22.732690156907413,27.435027498418588,0.8286009612426221
4466836,2,22.56521482106878,27.564263441971566,0.8186402248176589
5011872,2,22.40211878965738,27.693424496429532,0.80893277725713
5623413,2,22.2432888286024,27.82251171683105,0.7994709124390975
6309573,2,22.088611083528413,27.95152581009294,0.7902470596275104
7079458,2,21.937984555603453,28.080467821710894,0.7812542403101178
7943282,2,21.79130531992475,28.20933828083149,0.7724855189081888
8912509,2,21.6484805689402,28.338138258932553,0.763934467787993
10000000,2,21.50940859857004,28.466868529187085,0.7555944756100039
11220185,2,21.374003590816265,28.595529825942034,0.7474596106775278
12589254,2,21.242173381424433,28.724122816784146,0.7395238321781634
14125375,2,21.113837545338804,28.852648385007797,0.7317816119892073
15848932,2,20.988911592787677,28.98110730009731,0.7242273863261671
17782794,2,20.867317016658177,29.10950016509518,0.7168559026540725
19952623,2,20.748977311216837,29.237827748124325,0.7096620682618233
22387211,2,20.633818569049076,29.366090723723584,0.7026409733311868
25118864,2,20.521770634785963,29.494289796463363,0.6957879228964079
28183829,2,23.025805400595704,29.62242561384573,0.7773099239325384
31622777,2,22.903498510979208,29.750498859205287,0.769852586989226
35481339,2,22.78452821741615,29.8785101131196,0.7625724352102652
39810717,2,22.668823981945152,30.006460053134152,0.755464787975795
44668359,2,22.55631555112375,30.134349292681467,0.7485250579677145
50118723,2,22.446935207096715,30.26217844306012,0.7417488218613146
56234133,2,22.340618748500315,30.38994812338726,0.7351318487874482
63095734,2,22.23730194079371,30.517658868598602,0.7286699820763436
70794578,2,22.13692474909762,30.64531131229054,0.7223592713257716
79432823,2,22.039428003077045,30.772906006263565,0.7161958639392427
89125094,2,21.9447548223535,30.900443521635154,0.7101760467285438
100000000,2,21.85284961095596,31.02792439137711,0.7042962118674309
112201845,2,21.763659167556217,31.15534916895093,0.6985528889288017
125892541,2,21.677132207121463,31.28271839889313,0.6929427273778247
141253754,2,21.593218521756256,31.410032597051806,0.6874624677652524
158489319,2,21.511869830570305,31.537292291510685,0.6821089658467903
177827941,2,21.433039542526362,31.664497989708355,0.6768791834152105
199526231,2,21.356681972905058,31.791650191378956,0.6717701611694388
223872114,2,21.28275365494073,31.91874940359077,0.6667790578457463
251188643,2,21.211212091074525,32.045796104507176,0.6619031095966817
281838293,2,21.14201632574637,32.17279078252421,0.6571396453810405
316227766,2,21.075126517857253,32.299733911430764,0.6524860723511668
354813389,2,21.010504289888356,32.4266259580912,0.6479398848663052
398107171,2,20.948112523356713,32.55346738779486,0.6434986563431552
446683592,2,20.887915003225228,32.680258649370856,0.6391600270773057
501187234,2,20.829877084437356,32.80700019781396,0.6349217227677317
562341325,2,20.773964891285896,32.93369247030808,0.630781528977202
630957344,2,23.308771967194474,33.060335906188655,0.7050373605802125
707945784,2,23.24838599653564,33.18693093564928,0.700528350802162
794328235,2,23.190313168393818,33.31347798304494,0.6961240486567222
891250938,2,23.13451905803346,33.43997746466019,0.6918222083876201
1000000000,2,23.08097053832307,33.566429795613466,0.6876206578675025
1122018454,2,23.029635481107274,33.692835382062334,0.6835172884668526
1258925412,2,22.980482823136455,33.81919462711875,0.6795100556507337
1412537545,2,22.9334824873527,33.94550792618803,0.6755969755179343
1584893192,2,22.88860539222679,34.07177567019872,0.6717761238445398
1778279410,2,22.845823426317576,34.197998246929664,0.668045634173009
1995262315,2,22.805109392223063,34.324176036314576,0.6644036951708767
2238721139,2,22.76643698865156,34.45030941489602,0.6608485489772566
2511886432,2,22.729780813226775,34.57639875359595,0.6573784903166896
2818382931,2,22.695116280006747,34.70244441877196,0.6539918631129639
3162277660,2,22.662419671384214,34.8284467728933,0.6506870610440829
3548133892,2,22.631668051638655,34.95440617268606,0.6474625241759479
3981071706,2,22.602839277471936,35.080322971162005,0.6443167383622078
4466835922,2,22.57591195907496,35.20619751599928,0.6412482333207229
5011872336,2,22.550865448411585,35.33203015108437,0.6382555814647826
5623413252,2,22.52767984525533,35.45782121636709,0.6353373972921018
6309573445,2,22.506335930417848,35.583571046822435,0.6324923347576052
7079457844,2,22.486815174753445,35.709279973630295,0.6297190867852546
7943282347,2,22.469099720181834,35.83494832382805,0.6270163840376255
8912509381,2,22.453172369832576,35.960576420560116,0.6243829939554358
10000000000,2,22.43901655695716,36.08616458292619,0.6218177192367504
11220184543,2,22.4266163284328,36.211713126053674,0.6193193967478235
12589254118,2,22.415956352744423,36.33722236139851,0.6168868971272052
14125375446,2,22.407021878656995,36.46269259657312,0.6145191230546392
15848931925,2,22.399798738671947,36.588124135633294,0.612215008772661
17782794100,2,22.394273324331504,36.71351727874549,0.6099735188623889
19952623150,2,22.390432588835726,36.838872322851955,0.6077936477698981
22387211386,2,22.388264015757198,36.964189561060515,0.6056744184469244
25118864315,2,22.38775561926782,37.08946928317935,0.6036148818506017
28183829313,2,22.388895932864774,37.21471177564501,0.6016141161549203
31622776602,2,22.391673988987556,37.33991732143228,0.5996712257350187
35481338923,2,22.396079319808333,37.46508620028058,0.59778534073253
39810717055,2,22.402101940204087,37.590218688726644,0.595955616159331
44668359215,2,22.409732338521124,37.715315060055296,0.5941812312276166
50118723363,2,22.41896146805145,37.84037558442176,0.5924613887099196
56234132519,2,22.429780738394083,37.965400528876735,0.5907953143108248
63095734448,2,22.442182005344144,38.09039015746321,0.5891822560118081
70794578438,2,22.45615756389159,38.21534473119067,0.5876214835127023
79432823472,2,22.471700138626254,38.34026450814245,0.5861122876148616
89125093813,2,22.488802876697562,38.465149743476104,0.5846539796848649
100000000000,2,22.507459339788355,38.59000068949456,0.5832458911024484
112201845430,2,22.52766349755286,38.714817595669096,0.5818873727580977
125892541179,2,22.54940971993916,38.839600708710556,0.5805777945312915
141253754462,2,22.572692770898495,38.96435027259102,0.5793165448155047
158489319246,2,22.597507801258665,39.08906652858224,0.5781030300310493
177827941004,2,22.623850343598313,39.21374971530559,0.576936674198437
199526231497,2,22.651716305548064,39.33840006876626,0.5758169184804488
223872113857,2,22.68110196389426,39.463017822396964,0.5747432207534254
251188643151,2,22.712003959939192,39.58760320708985,0.5737150552188934
281838293126,2,22.744419293359986,39.71215645123721,0.5727319119848853
316227766017,2,22.778345317831622,39.83667778077324,0.5717932966996899
354813389234,2,22.81377973548758,39.96116741919298,0.5708987301639824
398107170553,2,22.850720592993202,40.08562558760247,0.5700477479902517
446683592151,2,22.8891662767732,40.21005250475886,0.5692399002479359
501187233627,2,22.929115508614924,40.334448387081345,0.5684747511251166
562341325190,2,22.97056734197149,40.45881344870706,0.5677518786133744
630957344480,2,23.01352115781961,40.58314790151209,0.5670708741882033
707945784384,2,23.057976661152416,40.70745195514589,0.5664313425109287
794328234724,2,23.10393387720367,40.83172581706405,0.5658329011297454
891250938134,2,23.151393148388276,40.95596969255982,0.5652751802039259
1000000000000,2,23.200355130911426,41.08018378479036,0.5647578222252547
1000,5,29.014652238135227,24.00399906225305,1.2087424334123378
1122,5,29.645663582512896,24.179895118196786,1.2260459955511882
1259,5,27.59073384428555,24.353446109839965,1.1329293488833008
1413,5,28.20151105593321,24.52499976497231,1.149908718703103
1585,5,28.819555295337132,24.693681880865125,1.1670821481534148
1778,5,29.445440660669746,24.86050350215487,1.1844265607137627
1995,5,30.092963090942597,25.0259250487937,1.202471558284841
2239,5,28.04574894671567,25.190049926253195,1.113366151667935
2512,5,28.663735009420126,25.352205577186574,1.130620960064061
2818,5,29.311933287352073,25.512847858978148,1.1489087164778038
3162,5,29.967444431177583,25.672544765327647,1.1672954397434905
3548,5,30.648768326258956,25.831075914517324,1.1865076169372426
3981,5,28.579443660016967,25.988486880363226,1.099696330593662
4467,5,29.236603921639787,26.144948657884786,1.1182505769741728
5012,5,29.910150518026033,26.300398781274264,1.1372508366421383
5623,5,30.596964102896866,26.454877404692883,1.1565717593334683
6310,5,28.562302829937934,26.608884756864224,1.0734122489883682
7079,5,29.227545413358964,26.761791323398093,1.0921371092152954
7943,5,29.913287677261202,26.914227455173034,1.1114302919184007
8913,5,30.62354189262096,27.06610556158228,1.1314351014757038
10000,5,28.60358463773237,27.217195835905894,1.0509379735585216
11220,5,29.28524778747181,27.3677797301791,1.0700629746438026
12589,5,29.988167318557633,27.51785830827447,1.0897711218151145
14125,5,30.708928296954404,27.667443674959536,1.1099300917615156
15849,5,28.71319451322864,27.816616888230918,1.0322317278409603
17783,5,29.412146577426807,27.965325861978396,1.051736236602038
19953,5,30.130369795670084,28.113625735531137,1.071735466606504
22387,5,30.869644296378674,28.261493136543166,1.0922863893720842
25119,5,28.88583753179822,28.409049736976424,1.0167829547005658
28184,5,29.602345391346407,28.556240607587156,1.0366331408302152
31623,5,30.338980180870596,28.70310154114673,1.0569930966302992
35481,5,31.095827606256183,28.849625372981222,1.0778589740502702
39811,5,29.122430464094837,28.995891225397386,1.0043640403295009
44668,5,29.856288300066254,29.14182962478853,1.0245166032633035
50119,5,30.612087195793713,29.287529442157602,1.0452259981932615
56234,5,31.388115975712623,29.43293835004785,1.0664282173397615
63096,5,29.42007076693396,29.578111960774304,0.994656819405852
70795,5,30.173403559937917,29.723035420023745,1.0151521583697596
79433,5,30.948503630235397,29.867716660974317,1.0361857915531005
89125,5,29.024982042738177,30.012171222798358,0.9671070389165888
100000,5,29.7774660272702,30.15641140716048,0.9874340028468938
112202,5,30.551764751664088,30.300439096211747,1.0082944558873987
125893,5,31.34856545543622,30.444261402597537,1.0297035963816001
141254,5,29.42159448786549,30.587877965669296,0.9618710562689965
158489,5,30.19522714157772,30.731297243991694,0.9825562162847264
177828,5,30.991315885073085,30.874534287796305,1.003782456965608
199526,5,29.10274929377588,31.017581548952762,0.9382662296815487
223872,5,29.87629188716527,31.16045097081879,0.9587888158340162
251189,5,30.67239353063881,31.303145692187577,0.9798501988346116
281838,5,31.491741283541582,31.44566265679365,1.0014653412539225
316228,5,29.592603700303922,31.588016272156665,0.9368300764865819
354813,5,30.38906789950929,31.73020032731645,0.9577332505319047
398107,5,31.2089885737488,31.872225693302887,0.9791907497789385
446684,5,29.341983818181195,32.01409322829085,0.9165333407679244
501187,5,30.139354677246022,32.15580171399029,0.9372913462186527
562341,5,30.960334524495448,32.297358868353406,0.9586026724566621
630957,5,31.80562330460172,32.43876597483229,0.9804819125757807
707946,5,29.921347097418927,32.58002639717824,0.9183954221722307
794328,5,30.743817188935267,32.72113977270465,0.9395704857011482
891251,5,31.59082283216105,32.862111374176656,0.9613144594533085
1000000,5,29.733264352132217,33.00294169800974,0.9009276998457776
1122018,5,30.557727303839215,33.143632984822446,0.9219788101634061
1258925,5,31.40686583195035,33.284188267029485,0.943597169322024
1412538,5,29.573704270724757,33.42460960520401,0.8847883227369185
1584893,5,30.400596063561004,33.564896850061004,0.9057258897402438
1778279,5,31.252357761199814,33.70505355552184,0.9272306216549474
1995262,5,29.441202052083316,33.84508128415527,0.8698812629493182
2238721,5,30.271025193653248,33.98498153340061,0.8907177178808451
2511886,5,31.125895478081645,34.12475566114319,0.9121206840910437
2818383,5,32.00662083777296,34.26440587357743,0.9341069842525553
3162278,5,30.16781298831505,34.4039331990111,0.8768710488364216
3548134,5,31.026265869899856,34.54333907309786,0.8981837512651729
3981072,5,31.910802259665953,34.68262528637719,0.9200803571291368
4466836,5,30.089856050031802,34.821792982566215,0.8641098999438802
5011872,5,30.9523836876778,34.96084362226295,0.8853443018167737
5623413,5,31.841219481454413,35.09977870733054,0.9071629695148026
6309573,5,30.036205992310844,35.23859935622105,0.8523666246969667
7079458,5,30.903284563681286,35.37730704354149,0.8735341139913875
7943282,5,31.79692085465187,35.515902680690665,0.8952868561592062
8912509,5,30.00601221528193,35.65438775509444,0.8415797915642109
10000000,5,30.8781118753631,35.792763426322665,0.8626914750218688
11220185,5,31.777047609890797,35.9310308056333,0.8843900911662341
12589254,5,29.998503777173603,36.06919092631281,0.8316932819052899
14125375,5,30.87611096144159,36.20724504740834,0.8527605710131668
15848932,5,31.780840511613636,36.34519429987909,0.8744165803433155
17782794,5,30.01301748611002,36.48303963047555,0.8226567136428814
19952623,5,30.896617044368416,36.620782157966595,0.8436908013349758
22387211,5,31.807637129708162,36.758422895580814,0.8653156099777108
25118864,5,30.048965713840584,36.89596288391232,0.8144242178577965
28183829,5,30.939043551953837,37.03340309763605,0.8354361458595948
31622777,5,31.85685907317934,37.1707445453451,0.8570411882472981
35481339,5,30.105834878600476,37.30798812108188,0.806954124164856
39810717,5,31.002883809252403,37.44513481865251,0.8279549255036722
44668359,5,31.927999136256467,37.582185559032,0.84955142074177
50118723,5,30.18318378209649,37.71914125695355,0.8002086679672804
56234133,5,31.087697791048257,37.85600283167822,0.8212091997476768
63095734,5,32.0206232262099,37.992771108572356,0.8428083104205326
70794578,5,30.280634348662947,38.12944701504621,0.7941535143878153
79432823,5,31.193111988312783,38.26603138737749,0.8151645429999361
89125094,5,32.134364544312106,38.402525079091696,0.8367773858133017
100000000,5,30.397867746926607,38.53892889954033,0.7887574619980986
112201845,5,31.3188138250863,38.67524367673801,0.80978969613897
125892541,5,32.26891330423715,38.81147022595271,0.831427233144581
141253754,5,30.5346203269228,38.94760932865124,0.7839921590376139
158489319,5,31.46454640751966,39.083661776341884,0.8050562556696204
177827941,5,32.424019900136436,39.21962833547909,0.8267294025018801
199526231,5,30.690681406174487,39.35550976137156,0.7798318861136486
223872114,5,31.63010432276018,39.491306814311294,0.8009384057986583
251188643,5,32.59948655603519,39.62702022091094,0.8226580341973994
281838293,5,30.8658879890806,39.76265071598006,0.7762532787251035
316227766,5,31.815332743205158,39.89819901604105,0.797412753653713
354813389,5,30.12997437880322,40.03366582759219,0.7526159235219698
398107171,5,31.060123807639183,40.1690518528686,0.7732351742183599
446683592,5,32.02012303453846,40.30435777400362,0.7944580884797398
501187234,5,30.33251763875161,40.439584277225485,0.7500699668624954
562341325,5,31.273315931223415,40.57473202731675,0.7707584096961824
630957344,5,32.244411267151634,40.70980168895959,0.7920552282104643
707945784,5,30.553452746886666,40.844793914729905,0.7480378726031016
794328235,5,31.505432967929284,40.979709348663924,0.7688056716038292
891250938,5,32.488175398728615,41.11454862392057,0.7901868434918653
1000000000,5,30.792778294232317,41.24931237018112,0.7465040390950184
1122018454,5,31.75648305434172,41.38400120537864,0.7673613505069771
1258925412,5,32.75143376841013,41.51861574204011,0.7888373247291894
1412537545,5,31.050530095141337,41.65315658235676,0.7454544299361352
1584893192,5,32.02651250586089,41.78762432166132,0.7664114202649087
1778279410,5,30.369181840494473,41.92201954987495,0.7244207737741265
1995262315,5,31.32677981925394,42.05634284654121,0.7448764609315123
2238721139,5,32.315604172468724,42.19059478560212,0.7659433183316174
2511886432,5,30.651139730684836,42.324775933056586,0.7241890607800151
2818382931,5,31.621633953947317,42.45888684811648,0.7447589021130941
3162277660,5,32.6238763316983,42.59292808395633,0.7659458459252272
3548133892,5,30.95127329473002,42.726900185770205,0.7243978187080852
3981071706,5,31.935232694690086,42.86080369295932,0.7450917841733341
4466835922,5,30.30351777659826,42.99463913743882,0.7048208424247617
5011872336,5,31.269742776738187,43.12840704530564,0.7250382037966268
5623413252,5,32.26774904789687,43.26210793671159,0.7458663155087487
6309573445,5,30.62643392492625,43.395742324786866,0.7057474370575056
7079457844,5,31.60673979305985,43.52931071692043,0.7261024645808115
7943282347,5,32.61938823490074,43.66281361441685,0.7470748111415861
8912509381,5,30.96751127880677,43.796251512786476,0.7070813188148235
10000000000,5,31.962486818465425,43.92962490160928,0.7275838773960153
11220184543,5,30.349168168179755,44.06293426463614,0.6887686595247305
12589254118,5,31.326988213651276,44.19618008013221,0.7088166478834197
14125375446,5,32.33723675294634,44.32936282071755,0.7294766875790367
15848931925,5,30.71202328671308,44.46248295369471,0.6907401756824513
17782794100,5,31.705132386658253,44.595540940718244,0.7109484876258038
19952623150,5,32.73127257722816,44.72853723852254,0.7317760561380103
22387211386,5,31.09322962168496,44.86147229829601,0.6930942750816939
25118864315,5,32.10224055030577,44.99434656626979,0.7134727582502857
28183829313,5,30.500725188052662,45.12716048366236,0.6758839878501776
31622776602,5,31.493096601998104,45.259914486604224,0.6958275763273759
35481338923,5,32.518638391405766,45.39260900639833,0.71638619377049
39810717055,5,30.90305924821056,45.52524446957445,0.6788114947710775
44668359215,5,31.91196175220335,45.657821297856316,0.6989374623029078
50118723363,5,32.95468052782677,45.79033990831041,0.7196863048803418
56234132519,5,31.324116362879316,45.922800713391325,0.6821037888864004
63095734448,5,32.35019073943194,46.05520412106257,0.7024220466897708
70794578438,5,30.754377248144248,46.18755053478753,0.6658585894261847
79432823472,5,31.764272403984595,46.3198403536607,0.6857595397880993
89125093813,5,32.80817749534024,46.452073972427264,0.7062801440214341
100000000000,5,31.196218748221252,46.584251781569485,0.6696730666513285
112201845430,5,32.22393085745065,46.7163741673568,0.6897780795660982
125892541179,5,30.645355705263714,46.848441511931945,0.654138210712059
141253754462,5,31.65732112047064,46.98045419335152,0.6738402525906327
158489319246,5,32.703523080421775,47.1124125856428,0.6941593793561732
177827941004,5,31.107690324503473,47.24431705887222,0.6584430098913161
199526231497,5,32.13812400696813,47.376167979197064,0.6783605635027302
223872113857,5,30.57441038378152,47.50796570892694,0.6435638724483727
251188643151,5,31.589504531168014,47.6397106065725,0.6630918645171165
281838293126,5,32.63909475185378,47.771403026903066,0.6832350042864068
316227766017,5,31.057050845257724,47.90304332100537,0.6483314773372506
354813389234,5,32.091272881444674,48.03463183631787,0.6680861631415942
398107170553,5,33.16072885296375,48.16616891669761,0.6884651530063466
446683592151,5,31.55944278049751,48.29765490247645,0.6534363385597695
501187233627,5,32.6134976581219,48.42909013048617,0.6734278420314914
562341325190,5,31.043030677863754,48.56047493413086,0.6392653844504531
630957344480,5,32.08209477632867,48.69180964342216,0.6588807237042725
707945784384,5,33.156709424856274,48.82309458502863,0.679119373867457
794328234724,5,31.565958485377056,48.95433008232293,0.6448042171610741
891250938134,5,32.62554334279902,49.085516455427644,0.6646674151309951
1000000000000,5,31.06455140121008,49.21665402125534,0.6311796691378927
1000,23,64.38829909552847,53.2159161837897,1.2099443871858402
1122,23,65.33594670608122,53.50589279542765,1.2210981499903972
1259,23,64.17348912969999,53.787333197094256,1.1930966886673389
1413,23,65.21116075527385,54.06124581886458,1.2062459857800492
1585,23,66.15421924118402,54.326672690499734,1.2177115947826602
1778,23,64.92420521424074,54.58561103309874,1.1894014555387693
1995,23,65.91871421809239,54.83911001992968,1.2020383663071146
2239,23,66.91618869814688,55.087625916989055,1.2147226819863715
2512,23,65.66112526316239,55.330433274723866,1.1867090383540844
2818,23,66.6272412569207,55.56849191802738,1.1990111474539706
3162,23,65.36982446844034,55.802877394227345,1.1714418238082231
3548,23,66.34715182593231,56.033475650987235,1.184062759897054
3981,23,67.33478171247071,56.26054997354968,1.1968383128875824
4467,23,66.07805960600777,56.48452484515524,1.1698435949873336
5012,23,67.05076433547734,56.70547261388133,1.1824390353297842
5623,23,65.78186931582755,56.92359914149327,1.155616832173868
6310,23,66.7714502387652,57.13974008846365,1.1685641225422052
7079,23,67.74302693308138,57.35313184053621,1.1811565429667046
7943,23,66.48584824820611,57.56476392900846,1.1549747399329136
8913,23,67.47863331549638,57.7746093948926,1.1679634708436755
10000,23,66.22756480275231,57.98244019906388,1.1422003726538839
11220,23,67.21233741441726,58.188724648693295,1.1550749362561705
12589,23,68.20989023009881,58.39353581949253,1.1681068678723416
14125,23,66.95493796431876,58.596955381950856,1.1426350998595114
15849,23,67.96031439466374,58.79915224710451,1.155804323658601
17783,23,66.71388884716583,59.00010901254499,1.130741789527553
19953,23,67.71958250756754,59.199948555657706,1.1439128607333158
22387,23,66.48260697547006,59.398683154718796,1.1192606206824385
25119,23,67.48962809701082,59.596515627980295,1.1324425159064961
28184,23,68.51180750738132,59.793407708349804,1.1458087125851173
31623,23,67.27386399846509,59.989439506637886,1.121428447268976
35481,23,68.29825503959852,60.18463061736986,1.13481223260822
39811,23,67.07107419513426,60.379112661811455,1.1108323928310284
44668,23,68.09742890637652,60.57281704474163,1.1242242350405611
50119,23,66.88124700283149,60.76588327575859,1.1006381113448327
56234,23,67.91050123242692,60.9582614825569,1.114049180222428
63096,23,68.95943290546396,61.1500429341913,1.1277086588422678
70795,23,67.73740759358333,61.34122398276611,1.1042721875359747
79433,23,68.78889853274966,61.53182964969774,1.1179400795387786
89125,23,67.57590832837258,61.72189359964273,1.0948450280333546
100000,23,68.630412782184,61.91144397010693,1.1085254741485473
112202,23,67.42792076238764,62.10049409737662,1.085787186437798
125893,23,68.48579551642887,62.28906320860782,1.099483472516965
141254,23,67.29225811749482,62.477159848647084,1.077069736852835
158489,23,68.35299605892875,62.664803322039035,1.0907717320623775
177828,23,67.16908113115846,62.85202080092885,1.0686861022957883
199526,23,68.23287213647797,63.03880925775524,1.0823946857480298
223872,23,69.31584372134475,63.225190551742365,1.0963326977182914
251189,23,68.12532824821001,63.41117450323664,1.0743426341162117
281838,23,69.21173237814219,63.59676239408402,1.0882901860516803
316228,23,68.02929855905437,63.78197781684629,1.0665912360761922
354813,23,69.11932477699095,63.9668171334399,1.0805496955210778
398107,23,67.94507963296076,64.1512985745157,1.05913802436966
446684,23,69.03878066852229,64.33542703029703,1.0731067446868792
501187,23,67.87214445300097,64.51920442147573,1.05196809324588
562341,23,68.96938223005228,64.70264400171533,1.065943800198085
630957,23,67.81041911291581,64.88575044191107,1.0450741287738214
707946,23,68.91149694590264,65.06853089721159,1.0590602860661134
794328,23,67.75951272974565,65.2509875115021,1.0384442491050632
891251,23,68.86437020198127,65.43312954420578,1.0524388896217685
1000000,23,67.71936037059017,65.61495992196548,1.032071961197986
1122018,23,68.82800499317804,65.7964836849283,1.0460742145851807
1258925,23,67.68948207449294,65.9777067641986,1.025944753072612
1412538,23,68.80224225796313,66.15863371843682,1.0399586326219672
1584893,23,67.669892164002,66.33926615511061,1.0200578946077001
1778279,23,68.78665829069504,66.51961035536087,1.034080896193215
1995262,23,67.66029172211253,66.69966994652596,1.0144021968378063
2238721,23,68.78119139118986,66.87944839272423,1.0284353870160288
2511886,23,67.6604605655038,67.05894890642529,1.0089698939349299
2818383,23,68.7855762831454,67.23817572260307,1.0230137201658513
3162278,23,67.67028660803533,67.41713150289836,1.0037550560145987
3548134,23,68.79966777974015,67.59581937668072,1.017809509732413
3981072,23,67.68951925294313,67.77424287672649,0.998749914123903
4466836,23,68.82327602960491,67.95240465989652,1.0128159021607421
5011872,23,67.71799514378232,68.13030774594003,0.9939481764313286
5623413,23,68.85623623073117,68.30795516724665,1.008026606302913
6309573,23,67.75561082819681,68.4853494291513,0.9893446027940704
7079458,23,68.89838935208716,68.66249345830518,1.0034355858912296
7943282,23,67.80217486623894,68.83938943066158,0.9849328331787811
8912509,23,68.94957537189514,69.01604022855501,0.9990369650817438
10000000,23,67.85755936670313,69.19244828853428,0.9807075923045153
11220185,23,69.0096812108829,69.36861596043343,0.9948256896208618
12589254,23,67.92162095531481,69.5445454713985,0.9766635254413857
14125375,23,69.078550529876,69.72023931405502,0.9907962337695294
15848932,23,67.99424603162684,69.89569979706425,0.9727958405029479
17782794,23,69.15607160792267,70.07092897545957,0.9869438384660592
19952623,23,68.0753093284631,70.24592910483815,0.9690997072138441
22387211,23,69.24211771394057,70.4207022893856,0.9832636634238358
25118864,23,68.1646994590024,70.59525065175754,0.9655706131741792
28183829,23,69.33658595368944,70.76957621550213,0.979751323401329
31622777,23,68.26231189119011,70.94368103254993,0.9622042569213519
35481339,23,69.43936977471228,71.11756699570532,0.976402493900074
39810717,23,68.36804850143736,71.29123611096108,0.9589965363347897
44668359,23,69.55036793396322,71.46469027932932,0.9732130323676809
50118723,23,68.48181451659308,71.6379313818047,0.9559434952359156
56234133,23,69.66949548068773,71.8109612934598,0.9701791234346407
63095734,23,68.6035276650841,71.98378175951952,0.9530414488956969
70794578,23,69.79666104886873,72.15639464345479,0.9672969581386905
79432823,23,68.73310447556804,72.32880168322198,0.9502867858449807
89125094,23,69.93179046075832,72.50100462859156,0.9645630542501469
100000000,23,68.87047087880154,72.673005163962,0.9476761105918032
112201845,23,70.0748055673971,72.84480498795692,0.9619739606548777
125892541,23,69.01555599585315,73.01640577406621,0.9452061528392284
141253754,23,70.22563884916376,73.18780914442473,0.9595264521524944
158489319,23,69.16829477081335,73.35901672529934,0.9428737987290832
177827941,23,70.38422643068375,73.53003010313277,0.9572174298305504
199526231,23,69.3286273757859,73.70085084229473,0.940676078816722
223872114,23,68.29115913166609,73.87148050555753,0.9244590559753083
251188643,23,69.49649767131933,74.04192060570483,0.9386101427785588
281838293,23,68.46050524410227,74.21217265834635,0.92249698117958
316227766,23,69.67185466790768,74.38223814882045,0.9366732757961861
354813389,23,68.6371886928015,74.55211854274924,0.9206604726255225
398107171,23,69.85465104116415,74.72181529342005,0.9348628746083943
446683592,23,68.8211658097967,74.89132982208407,0.9189470393073806
501187234,23,70.04484401964694,75.06066354842767,0.9331764563266268
562341325,23,69.01239645704833,75.22981785871208,0.9173542940999724
630957344,23,70.24239446796662,75.39879413264121,0.9316116428121717
707945784,23,69.21084445758584,75.56759372845427,0.91587995651005
794328235,23,70.44726758387654,75.73621798751529,0.9301661669386422
891250938,23,69.41647739152612,75.90466823151078,0.9145218470595833
1000000000,23,70.65943141218236,76.0729457718086,0.9288378502409405
1122018454,23,69.6292660741984,76.24105189923277,0.9132778777269085
1258925412,23,68.61619786873044,76.40898789208988,0.8980121286992445
1412537545,23,69.84918522253959,76.57675501011774,0.9121460580735072
1584893192,23,68.83652754098087,76.74435449892431,0.8969588446006894
1778279410,23,70.07621249297486,76.91178759188298,0.9111244802268836
1995262315,23,69.06383842198309,77.07905550403626,0.8960130345443394
2238721139,23,70.31032900166205,77.24615943813768,0.9102113232952356
2511886432,23,69.29811359951181,77.41310058182133,0.8951729497808653
2818382931,23,70.55151880571813,77.57988010912652,0.9094048444838785
3162277660,23,69.5393390932119,77.74649918151128,0.8944369177429006
3548133892,23,70.79976913407373,77.91295894551615,0.908703379929177
3981071706,23,69.78750406057334,78.07926053556258,0.8938033426787819
4466835922,23,68.79165078350002,78.24540507192502,0.8791781539154295
5011872336,23,70.04260032257979,78.41139366287697,0.8932706976708246
5623413252,23,69.0464794096648,78.57722740460518,0.8787085226885747
6309573445,23,70.30462258748035,78.74290737994468,0.8928375256485195
7079457844,23,69.3081192306553,78.9084346600372,0.8783360046268419
7943282347,23,70.57356817314661,79.07381030397286,0.8925024341415962
8912509381,23,69.5765691228164,79.23903535921617,0.8780592646970435
10000000000,23,70.84943709566086,79.40411086150203,0.8922640947297756
11220184543,23,69.85183053815345,79.56903783502509,0.8778770290396264
12589254118,23,68.87010712334708,79.73381729292689,0.8637502813935447
14125375446,23,70.13390738515139,79.89845023715984,0.8777880819587277
15848931925,23,69.15141624046976,80.06293765895178,0.8637132019191903
17782794100,23,70.42280600952381,80.22728053845445,0.8777912642292396
19952623150,23,69.43944047905501,80.39147984570776,0.8637661679114182
22387211386,23,70.71853514063297,80.55553653991211,0.877885471045118
25118864315,23,69.73418972766314,80.71945157021825,0.8639081209192931
28183829313,23,68.76530450991882,80.88322587571082,0.850180043703833
31622776602,23,70.03567614977096,81.04686038536948,0.8641380531800804
35481338923,23,69.06566613916945,81.21035601844206,0.8504539263869911
39810717055,23,70.34391410157744,81.37371368456307,0.8644550053873474
44668359215,23,69.37267820928601,81.53693428376376,0.8508129330427867
50118723363,23,70.6589201267854,81.70001870670521,0.8648580654607162
56234132519,23,69.68635818522358,81.86296783478272,0.851256191027252
63095734448,23,70.98071289332475,82.02578254032267,0.8653463666552852
70794578438,23,70.00672561729735,82.1884636866183,0.8517828716719965
79432823472,23,69.04778180219039,82.35101212813757,0.8384569906044694
89125093813,23,70.33380209209442,82.51342871059103,0.8523921886555503
100000000000,23,69.37330433251971,82.67571427108972,0.8391013605887692
112201845430,23,70.6676112080456,82.83786963824035,0.8530833967200842
125892541179,23,69.70546381535316,82.99989563230105,0.8398259212777359
141253754462,23,71.00817853787028,83.1617930652724,0.8538557902682191
158489319246,23,70.04428650884394,83.32356274100879,0.840629999542383
177827941004,23,69.09509559985445,83.48520545534367,0.8276328149759838
199526231497,23,70.38980057093818,83.64672199619382,0.8415129593977528
223872113857,23,69.43874787066201,83.80811314367396,0.8285444602674893
251188643151,23,70.7420360392908,83.96937967019616,0.8424742009187399
281838293126,23,69.78902960937968,84.13052234057902,0.8295328219508517
316227766017,23,71.10102480575895,84.29154191215767,0.8435131591240213
354813389234,23,70.14597322121897,84.45243913486277,0.8305973627262832
398107170553,23,69.20531114207124,84.6132147513397,0.8179019240132995
446683592151,23,70.5096129028604,84.77386949705335,0.8317375781143412
501187233627,23,69.56679862848529,84.93440410035444,0.8190650109970571
562341325190,23,70.8799846270837,85.09481928260324,0.8329529955482775
630957344480,23,69.9349293380433,85.25511575824734,0.8203018518718976
707945784384,23,71.25712612349693,85.4152942349157,0.8342431734476042
794328234724,23,70.30974136608052,85.57535541351012,0.8216120286773642
891250938134,23,69.37646249328125,85.73529998829432,0.8091936752160828
1000000000000,23,70.69127451427674,85.89512864697463,0.8229951526682604
1000,100,174.8256173449658,152.16611969767243,1.148912896591658
1122,100,176.37932796743874,152.94020747660446,1.153256758818114
1259,100,177.72322204809134,153.66733709178183,1.1565452061028527
1413,100,177.54039378977606,154.3528479648436,1.1502242824195497
1585,100,178.7762646270612,154.9969702260417,1.1534178014340581
1778,100,179.93637626956405,155.6069584559611,1.1563517342348706
1995,100,179.42293005907808,156.18727438220105,1.1487679183133561
2239,100,180.56896728374693,156.74072790625354,1.1520232787979972
2512,100,181.68070251437894,157.26741499646266,1.1552342391999346
2818,100,181.0205053532312,157.77102357951358,1.1473621787209884
3162,100,182.0106778756361,158.25518946954293,1.1501087483179504
3548,100,182.99338404294852,158.72089399167953,1.1529256132626207
3981,100,182.3013985387946,159.16980664696922,1.1453265061955507
4467,100,183.24276342713614,159.60379203726532,1.1481103367791627
5012,100,182.46078655977752,160.02392103956907,1.140209447277951
5623,100,183.35349422324776,160.4314380075665,1.1428775837227128
6310,100,184.26641070575954,160.8286480255296,1.1457312672087467
7079,100,183.4291660398181,161.21483391062904,1.137793350588965
7943,100,184.28354521509334,161.59241311894164,1.1404220139930066
8913,100,185.16857931499905,161.9618801431915,1.1432849455148972
10000,100,184.30802421294004,162.32334222412302,1.1354375882580234
11220,100,185.13465068484146,162.67807402314162,1.1380430448082715
12589,100,184.27463272302487,163.02660783500568,1.1303347052986816
14125,100,185.09441068511467,163.36945126669463,1.1329805496068834
15849,100,185.93415017779813,163.70722035724953,1.135772446517899
17783,100,185.04305065980734,164.0401853745839,1.1280348789978727
19953,100,185.869592169999,164.36882086494978,1.130808088735484
22387,100,184.96828784737534,164.6933912729328,1.123106922613808
25119,100,185.79054665740298,165.01444659290883,1.1259047343639486
28184,100,184.89433465360307,165.33212107357573,1.1183207077547974
31623,100,185.71105519668018,165.64672174034465,1.1211272595408612
35481,100,186.52643344463357,165.95844005389205,1.1239346030491877
39811,100,185.62671967945116,166.26762960322523,1.1164333076884763
44668,100,186.44075917614197,166.57431056974184,1.1192647806162308
50119,100,185.54107606089696,166.87882021833687,1.111831182759701
56234,100,186.35655571777448,167.1811844187472,1.1146981424117546
63096,100,185.46043009863257,167.48164087175923,1.1073478211300767
70795,100,186.27824438324367,167.78026844373494,1.1102512000432996
79433,100,187.10073012196426,168.07718253773297,1.1131834035828185
89125,100,186.20135492527967,168.37250420364032,1.1058893244236365
100000,100,187.02613721762447,168.66633880450263,1.1088527713547058
112202,100,186.13062951746244,168.95876248833142,1.1016334801239855
125893,100,186.95746053563252,169.24985495292853,1.1046240517466253
141254,100,186.0650295416302,169.53967439033286,1.0974719056806186
158489,100,186.8947992679146,169.82829107978586,1.1004927275639302
177828,100,186.00674860622135,170.11578325523217,1.0934126454753894
199526,100,186.83908262286545,170.40217910369557,1.0964594678637734
223872,100,185.95467650230816,170.6875417521926,1.0894449272242768
251189,100,186.79142070627822,170.971912901509,1.0925269392867019
281838,100,187.6328489192686,171.25531858793505,1.095632243520216
316228,100,186.75093622302649,171.5378165472223,1.0886866813512006
354813,100,187.5956742923688,171.81942082033197,1.0918188025353301
398107,100,186.71738741148116,172.10017688118415,1.0849343143928816
446684,100,187.56646479497013,172.38010814968922,1.0880980805052842
501187,100,186.6923722708341,172.65923201244394,1.081276512670801
562341,100,187.54479597867055,172.93758168874191,1.084465239696824
630957,100,186.67489909560214,173.21517611119086,1.077705217790912
707946,100,187.53110968742408,173.49203686554154,1.0809205602489007
794328,100,186.66528180206592,173.76817694692676,1.0742201770297575
891251,100,187.52498326615122,174.0436192222931,1.0774596857046472
1000000,100,186.6633213719784,174.3183761645778,1.0708183811656522
1122018,100,187.5267662726988,174.59246271924513,1.0740828289606796
1258925,100,186.66918634805057,174.86589452079608,1.0674991075852747
1412538,100,187.53648433899158,175.1386845419498,1.0707884716016136
1584893,100,186.68258714850563,175.4108407818085,1.0642591205677985
1778279,100,187.5534304652308,175.6823778099747,1.0675711064663318
1995262,100,186.70362360791844,175.95330576820322,1.0610975610420041
2238721,100,187.57827057434898,176.22363416988597,1.0644331077267237
2511886,100,186.7320858455296,176.49337180586704,1.0580118898228348
2818383,100,187.61044087759666,176.76252869249262,1.061369976235041
3162278,100,186.76802077299362,177.03111220262116,1.0550011150538787
3548134,100,187.64999869704351,177.299130160773,1.0583808196175835
3981072,100,188.53786124352985,177.5665907691056,1.0617867946154942
4466836,100,187.69683108097328,177.83350071161922,1.0554638486555397
5011872,100,188.58832531848498,178.09986703204353,1.0588908821844003
5623413,100,187.75083538458713,178.36569662599157,1.0526173974936164
6309573,100,188.64600605696714,178.63099544990604,1.0560653574248802
7079458,100,187.81192269463102,178.89576995466098,1.0498399304926536
7943282,100,188.71076876563623,179.16002534624212,1.053308450927803
8912509,100,187.8799714294555,179.4237677751675,1.0471297853073978
10000000,100,187.0546803163772,179.6870026250596,1.0410028415170975
11220185,100,187.9549079352165,179.94973505906148,1.0444856052359714
12589254,100,187.13279250860094,180.21196997484455,1.038403789352741
14125375,100,188.03661722556777,180.473712590637,1.041905851696449
15848932,100,187.2175962636983,180.73496778178045,1.0358681474950935
17782794,100,188.1250140851443,180.99573998379242,1.0393891817674288
19952623,100,187.3090047336282,181.25603387409535,1.0333945895767387
22387211,100,188.2199951956766,181.51585385291907,1.0369341916998052
25118864,100,187.40692900832028,181.77520430054952,1.0309818092596348
28183829,100,188.32148222674059,182.03408940655717,1.0345396449680426
31622777,100,187.51128398369733,182.29251336283582,1.02862855157674
35481339,100,188.4293826215233,182.55048008849974,1.0322042567632443
39810717,100,187.6219675040382,182.80799363696724,1.026333497629381
44668359,100,188.54360418988776,183.06505787478883,1.0299267723655166
50118723,100,187.73891353663524,183.32167661012292,1.0240955516455734
56234133,100,188.66408221911144,183.57785361569708,1.0277061121656967
63095734,100,187.86203296602935,183.833592447314,1.0219135168120586
70794578,100,188.79071693317087,184.08889681281735,1.0255410304573358
79432823,100,187.99125362313242,184.34377021286195,1.0197863123123647
89125094,100,188.92344584827757,184.59821614556074,1.0234305064969114
100000000,100,188.1264939066007,184.85223799366736,1.0177128280862118
112201845,100,189.06218727476008,185.10583914335135,1.0213734377571138
125892541,100,188.26768154069126,185.35902292705305,1.0156920260352413
141253754,100,189.20687120518946,185.61179258578633,1.0193688050167478
158489319,100,188.4147493575196,185.86415135187065,1.0137229152964535
177827941,100,189.35742827387983,186.11610238487873,1.0174156123380351
199526231,100,188.56762748502743,186.36764879855716,1.0118045095307728
223872114,100,187.78263357912286,186.6187936915961,1.0062364559565748
251188643,100,188.72625002165117,186.8695400769912,1.0099358619060923
281838293,100,187.94347536952512,187.11989096033128,1.0044013728576213
316227766,100,188.89055450935953,187.36984929158032,1.008116061487634
354813389,100,188.1099417178883,187.6194179810725,1.0026144614565708
398107171,100,189.06047921200266,187.86859991076727,1.0063442177234594
446683592,100,188.28197121876522,188.11739790570317,1.000874843660896
501187234,100,189.2359649395783,188.3658147790867,1.0046194696288822
562341325,100,188.4595065125895,188.61385328585712,0.9991816784897889
630957344,100,189.41695486323644,188.86151616241065,1.0029409840189367
707945784,100,188.6424923857924,189.10880610500868,0.9975341512179113
794328235,100,189.6033945007811,189.35572577677027,1.001307954766062
891250938,100,188.83087511311092,189.6022778038141,0.9959314692859262
1000000000,100,188.06289075671333,189.84846478918217,0.990594740734661
1122018454,100,189.02460268114015,190.0942892980811,0.9943728629571634
1258925412,100,188.25847507841792,190.3397538698237,0.9890654540153013
1412537545,100,189.22362520254987,190.5848610091649,0.9928575869069182
1584893192,100,188.4593048033979,190.829613192967,0.9875789278723096
1778279410,100,189.42789451457622,191.0740128731251,0.9913849176358591
1995262315,100,188.66533304318563,191.31806246782233,0.986134453849161
2238721139,100,189.63736423367448,191.56176437049646,0.9899541532040808
2511886432,100,188.87651439901163,191.8051209458495,0.984731343290544
2818382931,100,189.85198946806042,192.04813453220208,0.9885646113174121
3162277660,100,189.0928049699057,192.29080744309587,0.9833689269096415
3548133892,100,188.33795270930213,192.53314196401047,0.9782105604681166
3981071706,100,189.31416277073077,192.77514035655338,0.9820465565247612
4466835922,100,188.5609001741828,193.01680485562002,0.9769144210797068
5011872336,100,189.5405469238569,193.25813767262207,0.9807636004696333
5623413252,100,188.7888304256521,193.4991409954613,0.975657201651765
6309573445,100,189.77191833069966,193.73981698679094,0.9795194466589086
7079457844,100,189.02170524475844,193.9801677865212,0.9744383016143193
7943282347,100,190.00823911091356,194.22019551138877,0.9783134993279923
8912509381,100,189.25948765386744,194.45990225566322,0.973257136605167
10000000000,100,188.5149168246225,194.69929009108407,0.9682362824046847
11220184543,100,189.50214210443843,194.93836106721668,0.9721131390814157
12589254118,100,188.75896460468346,195.17711721224114,0.9671162649636925
14125375446,100,189.7496342585197,195.41556053283222,0.9710057568657099
15848931925,100,189.0078106208324,195.65369301491035,0.9660324203869156
17782794100,100,190.00193108337925,195.89151662320964,0.9699344533068331
19952623150,100,189.2614225772423,196.12903330273483,0.9649842218163996
22387211386,100,188.52498216037642,196.36624497779692,0.9600681735381398
25118864315,100,189.51976939974256,196.60315355321342,0.9639711569959449
28183829313,100,188.78458095961122,196.83976091435503,0.9590774754179435
31622776602,100,189.78282116385395,197.07606892715674,0.9629927276152512
35481338923,100,189.04884801156552,197.31207943872118,0.9581210058164636
39810717055,100,190.0505490207819,197.54779427755435,0.9620484486592705
44668359215,100,189.31775519941488,197.78321525364157,0.9571982888266307
50118723363,100,188.58892476068027,198.01834415884528,0.9523810814688918
56234132519,100,189.59127543825667,198.25318276711582,0.9563088611846695
63095734448,100,188.86356574185788,198.4877328348349,0.9515125345253178
70794578438,100,189.86938267847523,198.72199610092417,0.9554522720376007
79432823472,100,189.1427595613743,198.9559742872012,0.950676451104398
89125093813,100,190.1520518672513,199.1896690985344,0.9546280825095782
100000000000,100,189.42648177962604,199.42308222312354,0.9498724002655178
112201845430,100,188.70477744352138,199.6562153326924,0.9451485250738509
125892541179,100,189.71470890399544,199.88907008276433,0.9490999624213761
141253754462,100,188.99400313639995,200.12164811284694,0.9443955959718451
158489319246,100,190.0074183633788,200.35395104664119,0.9483587289933016
177827941004,100,189.28767923712294,200.5859804922743,0.9436735248025644
199526231497,100,190.30458847130433,200.8177380424978,0.947648302019174
223872113857,100,189.58578461075808,201.0492252749016,0.9429819207287711
251188643151,100,188.87075529149257,201.2804437521038,0.9383462783105995
281838293126,100,189.88829897605842,201.511395021957,0.9423204030490083
316227766017,100,189.17415416807236,201.7420806177498,0.9377029997351397
354813389234,100,190.1952028797466,201.97250205836903,0.9416886008808325
398107170553,100,189.48191265995266,202.20266084851306,0.9370891157654421
446683592151,100,190.5064776668848,202.43255847888915,0.9410861528322378
501187233627,100,189.79401260809522,202.6621964263509,0.9365042714173283
562341325190,100,189.08523672337185,202.89157615411915,0.9319521308254818
630957344480,100,190.11043661983365,203.12069911193504,0.9359481207529138
707945784384,100,189.4024384865937,203.34956673623935,0.9314130417217157
794328234724,100,190.43116804929082,203.57818045034162,0.9354203266186588
891250938134,100,189.72391954759942,203.80654166458956,0.9309020112800582
1000000000000,100,189.0202976592441,204.03465177652632,0.92641272457128
