replicate,method,n,k,risk,nominal_cost,anytime_U
0,Anytime,362,2,0.01981810415046618,1.5520740238031507,0.04470779190771206
0,Per_time,466,2,0.01454861845757116,1.4973638243833394,0.03895234603569855
0,GCC_T1,190,2,0.01981810415046618,1.5520740238031507,0.08884340963149352
0,GCC_T4,162,2,0.01981810415046618,1.5520740238031507,0.10186276543651669
0,Fixed_N,93,2,0.04634579775746389,1.8244928776194789,0.174982676092472
0,Posthoc,543,2,0.006548717507211968,1.4007697693180907,0.033967598945458415
1,Anytime,362,2,0.0074089034904984315,1.9201165009436427,0.04470779190771206
1,Per_time,466,2,0.0074089034904984315,1.9201165009436427,0.03895234603569855
1,GCC_T1,190,2,0.010850911826412667,1.7880788540308594,0.08884340963149352
1,GCC_T4,162,2,0.010850911826412667,1.7880788540308594,0.10186276543651669
1,Fixed_N,93,2,0.010850911826412667,1.7880788540308594,0.174982676092472
1,Posthoc,782,1,0.0003031012731226955,1.4912276312393176,0.018253862424280547
2,Anytime,362,2,0.0065676415409698565,1.6350894189932204,0.04470779190771206
2,Per_time,466,2,0.0065676415409698565,1.6350894189932204,0.03895234603569855
2,GCC_T1,190,2,0.0065676415409698565,1.6350894189932204,0.08884340963149352
2,GCC_T4,162,2,0.0065676415409698565,1.6350894189932204,0.10186276543651669
2,Fixed_N,93,2,0.0065676415409698565,1.6350894189932204,0.174982676092472
2,Posthoc,590,1,0.0017337478411722357,1.6058805847042597,0.025300286930544896
3,Anytime,362,2,0.0027851382375220046,1.441349136739876,0.04470779190771206
3,Per_time,466,2,0.0027851382375220046,1.441349136739876,0.03895234603569855
3,GCC_T1,190,2,0.006588571746533725,1.5490933815067063,0.08884340963149352
3,GCC_T4,162,2,0.006588571746533725,1.5490933815067063,0.10186276543651669
3,Fixed_N,93,2,0.018321469648202787,1.8308145529109652,0.174982676092472
3,Posthoc,362,2,0.0027851382375220046,1.441349136739876,0.04470779190771206
4,Anytime,271,1,0.005784473105624351,1.4916292736936672,0.04878717610342121
4,Per_time,402,1,0.005784473105624351,1.4916292736936672,0.035075444436606075
4,GCC_T1,190,2,0.015724010584541974,1.3684623658942878,0.08884340963149352
4,GCC_T4,162,2,0.015724010584541974,1.3684623658942878,0.10186276543651669
4,Fixed_N,93,1,0.022196615046631545,1.2984462473900962,0.15392988417795642
4,Posthoc,580,2,0.00807099452402756,1.4014461006292462,0.02959763815910193
5,Anytime,271,1,0.0037715609198263685,1.679152442400714,0.04878717610342121
5,Per_time,466,2,0.0030389480380990843,1.4737157733340316,0.03895234603569855
5,GCC_T1,190,2,0.010989812479009294,1.667407542779091,0.08884340963149352
5,GCC_T4,162,2,0.010989812479009294,1.667407542779091,0.10186276543651669
5,Fixed_N,93,2,0.022351598231223197,1.4663278557377382,0.174982676092472
5,Posthoc,362,2,0.00360153863307468,1.458099551909006,0.04470779190771206
6,Anytime,362,2,0.0023872397554706945,1.6640960398661544,0.04470779190771206
6,Per_time,466,2,0.0023872397554706945,1.6640960398661544,0.03895234603569855
6,GCC_T1,190,2,0.0028804337963223214,1.5525979611628327,0.08884340963149352
6,GCC_T4,162,2,0.0028804337963223214,1.5525979611628327,0.10186276543651669
6,Fixed_N,93,2,0.012588471611813236,1.3210804699031429,0.174982676092472
6,Posthoc,362,2,0.0023872397554706945,1.6640960398661544,0.04470779190771206
7,Anytime,362,2,0.002481742878317633,1.5214596730246075,0.04470779190771206
7,Per_time,466,2,0.002481742878317633,1.5214596730246075,0.03895234603569855
7,GCC_T1,190,2,0.007217413497118489,1.6870043178414238,0.08884340963149352
7,GCC_T4,162,2,0.007217413497118489,1.6870043178414238,0.10186276543651669
7,Fixed_N,93,2,0.009184039551065176,1.7405060564591794,0.174982676092472
7,Posthoc,362,2,0.002481742878317633,1.5214596730246075,0.04470779190771206
8,Anytime,362,2,0.004773251732157661,1.4856501920467575,0.04470779190771206
8,Per_time,466,2,0.004773251732157661,1.4856501920467575,0.03895234603569855
8,GCC_T1,190,2,0.0111758497529707,1.5797462383646117,0.08884340963149352
8,GCC_T4,162,2,0.0111758497529707,1.5797462383646117,0.10186276543651669
8,Fixed_N,93,2,0.0111758497529707,1.5797462383646117,0.174982676092472
8,Posthoc,563,2,0.002468446482111012,1.4259167244057722,0.02959763815910193
9,Anytime,362,2,0.005328463527713673,1.4823797870741795,0.04470779190771206
9,Per_time,466,2,0.004383210644929989,1.5098900053871955,0.03895234603569855
9,GCC_T1,190,2,0.0073781799780632045,1.4378094483437411,0.08884340963149352
9,GCC_T4,162,2,0.0073781799780632045,1.4378094483437411,0.10186276543651669
9,Fixed_N,93,2,0.0073781799780632045,1.4378094483437411,0.174982676092472
9,Posthoc,362,2,0.005328463527713673,1.4823797870741795,0.04470779190771206
10,Anytime,362,2,0.0013664744191428232,1.4879083475671846,0.04470779190771206
10,Per_time,466,2,0.0013664744191428232,1.4879083475671846,0.03895234603569855
10,GCC_T1,190,2,0.008175347972569353,1.3419282263203847,0.08884340963149352
10,GCC_T4,162,2,0.008175347972569353,1.3419282263203847,0.10186276543651669
10,Fixed_N,93,2,0.012218306079896773,1.3016690356681813,0.174982676092472
10,Posthoc,362,2,0.0013664744191428232,1.4879083475671846,0.04470779190771206
11,Anytime,362,2,0.005775534217241706,1.3827375336151444,0.04470779190771206
11,Per_time,466,2,0.005775534217241706,1.3827375336151444,0.03895234603569855
11,GCC_T1,190,2,0.018333399444395933,1.4830469534420536,0.08884340963149352
11,GCC_T4,162,2,0.018333399444395933,1.4830469534420536,0.10186276543651669
11,Fixed_N,93,2,0.0208286867706859,1.5294723987032546,0.174982676092472
11,Posthoc,362,2,0.005775534217241706,1.3827375336151444,0.04470779190771206
12,Anytime,362,2,0.005659555215203716,1.6929577430977356,0.04470779190771206
12,Per_time,464,1,0.000853365776887749,1.452380430754842,0.02979375471749997
12,GCC_T1,190,2,0.01053443715689196,1.5828632280310162,0.08884340963149352
12,GCC_T4,162,2,0.015793519554986653,1.4634530315103558,0.10186276543651669
12,Fixed_N,93,2,0.015793519554986653,1.4634530315103558,0.174982676092472
12,Posthoc,464,1,0.000853365776887749,1.452380430754842,0.02979375471749997
13,Anytime,362,2,0.004428770601542464,1.6899484274891226,0.04470779190771206
13,Per_time,466,2,0.0013497970876089277,1.5369206971530673,0.03895234603569855
13,GCC_T1,190,2,0.004428770601542464,1.6899484274891226,0.08884340963149352
13,GCC_T4,162,2,0.004428770601542464,1.6899484274891226,0.10186276543651669
13,Fixed_N,93,2,0.017346509242608908,1.7243247142270532,0.174982676092472
13,Posthoc,382,2,0.0013497970876089277,1.5369206971530673,0.04470779190771206
14,Anytime,362,2,0.005202877490714702,1.832116956857726,0.04470779190771206
14,Per_time,466,2,0.005202877490714702,1.832116956857726,0.03895234603569855
14,GCC_T1,190,2,0.005202877490714702,1.832116956857726,0.08884340963149352
14,GCC_T4,162,2,0.005202877490714702,1.832116956857726,0.10186276543651669
14,Fixed_N,93,2,0.005202877490714702,1.832116956857726,0.174982676092472
14,Posthoc,362,2,0.005202877490714702,1.832116956857726,0.04470779190771206
15,Anytime,362,2,0.0037742314052605125,1.7245994323228544,0.04470779190771206
15,Per_time,466,2,0.0037742314052605125,1.7245994323228544,0.03895234603569855
15,GCC_T1,190,2,0.005424232738986171,1.7119405939681613,0.08884340963149352
15,GCC_T4,162,2,0.005424232738986171,1.7119405939681613,0.10186276543651669
15,Fixed_N,93,2,0.029112521958392586,1.370074785124059,0.174982676092472
15,Posthoc,628,2,0.0028862233094792836,1.6845234157541742,0.02959763815910193
16,Anytime,362,2,0.006049296657355402,1.570376323147843,0.04470779190771206
16,Per_time,466,2,0.006049296657355402,1.570376323147843,0.03895234603569855
16,GCC_T1,190,2,0.008654681023141073,1.6394313117519173,0.08884340963149352
16,GCC_T4,162,2,0.008654681023141073,1.6394313117519173,0.10186276543651669
16,Fixed_N,93,2,0.008654681023141073,1.6394313117519173,0.174982676092472
16,Posthoc,362,2,0.006049296657355402,1.570376323147843,0.04470779190771206
17,Anytime,362,2,0.01423928473878784,1.674614936786169,0.04470779190771206
17,Per_time,466,2,0.01423928473878784,1.674614936786169,0.03895234603569855
17,GCC_T1,190,2,0.018781775837177963,1.752486499182187,0.08884340963149352
17,GCC_T4,162,2,0.018781775837177963,1.752486499182187,0.10186276543651669
17,Fixed_N,93,1,0.023592683227009862,1.853595375221884,0.15392988417795642
17,Posthoc,602,1,0.0015063343512498964,1.4207062355693811,0.025300286930544896
18,Anytime,271,1,0.0016627869178378646,1.4815476947830564,0.04878717610342121
18,Per_time,402,1,0.0016627869178378646,1.4815476947830564,0.035075444436606075
18,GCC_T1,190,2,0.009493648578651778,1.379858835226223,0.08884340963149352
18,GCC_T4,162,2,0.009493648578651778,1.379858835226223,0.10186276543651669
18,Fixed_N,93,2,0.009493648578651778,1.379858835226223,0.174982676092472
18,Posthoc,271,1,0.0016627869178378646,1.4815476947830564,0.04878717610342121
19,Anytime,362,2,0.005569732252423445,1.5200014945402622,0.04470779190771206
19,Per_time,466,2,0.005569732252423445,1.5200014945402622,0.03895234603569855
19,GCC_T1,190,2,0.011872204685357051,1.767242106802306,0.08884340963149352
19,GCC_T4,162,2,0.011872204685357051,1.767242106802306,0.10186276543651669
19,Fixed_N,93,2,0.019165456539060793,1.9834271401425019,0.174982676092472
19,Posthoc,578,2,0.0026045823966050546,1.4388904634442845,0.02959763815910193
20,Anytime,362,2,0.004397130439664679,1.3945624951359987,0.04470779190771206
20,Per_time,466,2,0.004397130439664679,1.3945624951359987,0.03895234603569855
20,GCC_T1,146,1,0.010844153323530482,1.3602546079373745,0.09435851123028417
20,GCC_T4,132,1,0.010844153323530482,1.3602546079373745,0.11122389675566964
20,Fixed_N,93,1,0.010844153323530482,1.3602546079373745,0.15392988417795642
20,Posthoc,574,2,0.004735197021740059,1.3764403557218967,0.02959763815910193
21,Anytime,362,2,0.0012396849460837947,1.5248178893288302,0.04470779190771206
21,Per_time,466,2,0.0012396849460837947,1.5248178893288302,0.03895234603569855
21,GCC_T1,190,2,0.0012396849460837947,1.5248178893288302,0.08884340963149352
21,GCC_T4,162,2,0.0012396849460837947,1.5248178893288302,0.10186276543651669
21,Fixed_N,93,2,0.00636277499404529,1.6773606314661478,0.174982676092472
21,Posthoc,362,2,0.0012396849460837947,1.5248178893288302,0.04470779190771206
22,Anytime,362,2,0.009903546917388253,1.501079243821158,0.04470779190771206
22,Per_time,466,2,0.006182182501811356,1.5772945630312853,0.03895234603569855
22,GCC_T1,190,2,0.01619875600618564,1.4715818321541643,0.08884340963149352
22,GCC_T4,162,2,0.01619875600618564,1.4715818321541643,0.10186276543651669
22,Fixed_N,93,2,0.024858879727032653,1.3505079308249526,0.174982676092472
22,Posthoc,799,2,0.002936391439229802,1.4528542397434727,0.022502838459799477
23,Anytime,362,2,0.002229056166273698,1.4520196905001181,0.04470779190771206
23,Per_time,466,2,0.002229056166273698,1.4520196905001181,0.03895234603569855
23,GCC_T1,190,2,0.008354169843261029,1.423474342366177,0.08884340963149352
23,GCC_T4,162,2,0.018739839660933136,1.6016409978522943,0.10186276543651669
23,Fixed_N,93,2,0.022736453890778757,1.6608527984055392,0.174982676092472
23,Posthoc,362,2,0.002229056166273698,1.4520196905001181,0.04470779190771206
24,Anytime,362,2,0.005156176426766517,1.840241156302284,0.04470779190771206
24,Per_time,466,2,0.005156176426766517,1.840241156302284,0.03895234603569855
24,GCC_T1,190,2,0.005156176426766517,1.840241156302284,0.08884340963149352
24,GCC_T4,162,2,0.005156176426766517,1.840241156302284,0.10186276543651669
24,Fixed_N,93,2,0.020284216989873073,1.6047150493381321,0.174982676092472
24,Posthoc,529,2,0.0024739355716949835,1.704335297625428,0.033967598945458415
25,Anytime,362,2,0.0024762189719284024,1.5812309242053342,0.04470779190771206
25,Per_time,466,2,0.0024762189719284024,1.5812309242053342,0.03895234603569855
25,GCC_T1,190,2,0.0024762189719284024,1.5812309242053342,0.08884340963149352
25,GCC_T4,162,2,0.0024762189719284024,1.5812309242053342,0.10186276543651669
25,Fixed_N,93,2,0.0024762189719284024,1.5812309242053342,0.174982676092472
25,Posthoc,543,2,0.000859539702490789,1.4958098464285403,0.033967598945458415
26,Anytime,362,2,0.009859554395186649,1.4486144542723278,0.04470779190771206
26,Per_time,466,2,0.009859554395186649,1.4486144542723278,0.03895234603569855
26,GCC_T1,190,2,0.009974001229444742,1.5828175747115658,0.08884340963149352
26,GCC_T4,162,2,0.009974001229444742,1.5828175747115658,0.10186276543651669
26,Fixed_N,93,2,0.013234270835156282,1.7720545925302948,0.174982676092472
26,Posthoc,589,2,0.008703210733455598,1.3726676222364873,0.02959763815910193
27,Anytime,275,1,0.0010554805316306747,1.6522581951643487,0.04878717610342121
27,Per_time,402,1,0.0010554805316306747,1.6522581951643487,0.035075444436606075
27,GCC_T1,190,2,0.015829858031480102,1.7911410616823513,0.08884340963149352
27,GCC_T4,162,2,0.024971363613950383,2.012972868079714,0.10186276543651669
27,Fixed_N,93,2,0.04252326466822692,2.505155903688861,0.174982676092472
27,Posthoc,602,2,0.0002350686443101406,1.5591971527853943,0.02959763815910193
28,Anytime,362,2,0.002920118036769999,1.4761639834576423,0.04470779190771206
28,Per_time,466,2,0.002920118036769999,1.4761639834576423,0.03895234603569855
28,GCC_T1,190,2,0.002920118036769999,1.4761639834576423,0.08884340963149352
28,GCC_T4,162,2,0.002920118036769999,1.4761639834576423,0.10186276543651669
28,Fixed_N,93,2,0.009017251746762048,1.3646058224110682,0.174982676092472
28,Posthoc,362,2,0.002920118036769999,1.4761639834576423,0.04470779190771206
29,Anytime,362,2,0.0020509305812772068,1.4373189439992449,0.04470779190771206
29,Per_time,466,2,0.0020509305812772068,1.4373189439992449,0.03895234603569855
29,GCC_T1,190,2,0.0020509305812772068,1.4373189439992449,0.08884340963149352
29,GCC_T4,162,2,0.0020509305812772068,1.4373189439992449,0.10186276543651669
29,Fixed_N,93,2,0.004795635333414439,1.3675398561106635,0.174982676092472
29,Posthoc,362,2,0.0020509305812772068,1.4373189439992449,0.04470779190771206
30,Anytime,271,1,0.006748945537862118,1.3406561419763254,0.04878717610342121
30,Per_time,466,2,0.0005908935629229575,1.5158096114503172,0.03895234603569855
30,GCC_T1,146,1,0.006748945537862118,1.3406561419763254,0.09435851123028417
30,GCC_T4,132,1,0.006748945537862118,1.3406561419763254,0.11122389675566964
30,Fixed_N,93,2,0.02183748998426594,1.7763610887535006,0.174982676092472
30,Posthoc,271,1,0.006748945537862118,1.3406561419763254,0.04878717610342121
31,Anytime,362,2,0.006722349990846289,1.5483674458608343,0.04470779190771206
31,Per_time,466,2,0.006722349990846289,1.5483674458608343,0.03895234603569855
31,GCC_T1,190,2,0.00912747286258778,1.6070640285571731,0.08884340963149352
31,GCC_T4,162,2,0.00912747286258778,1.6070640285571731,0.10186276543651669
31,Fixed_N,93,2,0.039101145939893875,1.3201272344701183,0.174982676092472
31,Posthoc,629,2,0.006123239224921095,1.5321637281360139,0.02959763815910193
32,Anytime,271,1,0.0013509237647159784,1.4302477458280782,0.04878717610342121
32,Per_time,402,1,0.0013509237647159784,1.4302477458280782,0.035075444436606075
32,GCC_T1,190,2,0.004200603133484398,1.620942582339556,0.08884340963149352
32,GCC_T4,162,2,0.004200603133484398,1.620942582339556,0.10186276543651669
32,Fixed_N,93,2,0.004200603133484398,1.620942582339556,0.174982676092472
32,Posthoc,271,1,0.0013509237647159784,1.4302477458280782,0.04878717610342121
33,Anytime,362,2,0.0013914034803527364,1.5865700585555922,0.04470779190771206
33,Per_time,466,2,0.0013914034803527364,1.5865700585555922,0.03895234603569855
33,GCC_T1,190,2,0.005392238851101406,1.8270459739180032,0.08884340963149352
33,GCC_T4,162,2,0.006158892023675366,1.6082642250967885,0.10186276543651669
33,Fixed_N,93,1,0.017310317281217836,1.435781545078834,0.15392988417795642
33,Posthoc,362,2,0.0013914034803527364,1.5865700585555922,0.04470779190771206
34,Anytime,362,2,0.002060832813524931,1.602321222099829,0.04470779190771206
34,Per_time,466,2,0.002060832813524931,1.602321222099829,0.03895234603569855
34,GCC_T1,190,2,0.0032648139475614257,1.6824228760609201,0.08884340963149352
34,GCC_T4,132,1,0.002913613226313903,1.6416096933772273,0.11122389675566964
34,Fixed_N,93,2,0.035209474719822095,2.0353614550617767,0.174982676092472
34,Posthoc,362,2,0.002060832813524931,1.602321222099829,0.04470779190771206
35,Anytime,362,2,0.00528326152258679,1.7687571514723237,0.04470779190771206
35,Per_time,466,2,0.00528326152258679,1.7687571514723237,0.03895234603569855
35,GCC_T1,190,2,0.00528326152258679,1.7687571514723237,0.08884340963149352
35,GCC_T4,162,2,0.00528326152258679,1.7687571514723237,0.10186276543651669
35,Fixed_N,93,2,0.015496218322842826,2.1156262640748,0.174982676092472
35,Posthoc,362,2,0.00528326152258679,1.7687571514723237,0.04470779190771206
36,Anytime,362,2,0.0014571051806473428,1.5162629244287242,0.04470779190771206
36,Per_time,466,2,0.0014571051806473428,1.5162629244287242,0.03895234603569855
36,GCC_T1,190,2,0.009553102432712837,1.8081708110771555,0.08884340963149352
36,GCC_T4,162,2,0.009740434025004354,1.475517464960959,0.10186276543651669
36,Fixed_N,93,2,0.026298004841344088,1.6349997199308948,0.174982676092472
36,Posthoc,362,2,0.0014571051806473428,1.5162629244287242,0.04470779190771206
37,Anytime,362,2,0.0015765961307437587,1.6365636685052185,0.04470779190771206
37,Per_time,466,2,0.0015765961307437587,1.6365636685052185,0.03895234603569855
37,GCC_T1,190,2,0.0062990855407129,1.8391519884822405,0.08884340963149352
37,GCC_T4,162,2,0.0062990855407129,1.8391519884822405,0.10186276543651669
37,Fixed_N,93,2,0.010550305907998957,1.9808593836745514,0.174982676092472
37,Posthoc,362,2,0.0015765961307437587,1.6365636685052185,0.04470779190771206
38,Anytime,362,2,0.0066161777912958864,1.3900377140528044,0.04470779190771206
38,Per_time,466,2,0.0066161777912958864,1.3900377140528044,0.03895234603569855
38,GCC_T1,146,1,0.011029522717449771,1.5024734849829597,0.09435851123028417
38,GCC_T4,132,1,0.011029522717449771,1.5024734849829597,0.11122389675566964
38,Fixed_N,93,1,0.011029522717449771,1.5024734849829597,0.15392988417795642
38,Posthoc,362,2,0.0066161777912958864,1.3900377140528044,0.04470779190771206
39,Anytime,271,1,0.0017838829116316442,1.4392569847709398,0.04878717610342121
39,Per_time,402,1,0.0017838829116316442,1.4392569847709398,0.035075444436606075
39,GCC_T1,146,1,0.0017838829116316442,1.4392569847709398,0.09435851123028417
39,GCC_T4,132,1,0.0017838829116316442,1.4392569847709398,0.11122389675566964
39,Fixed_N,93,1,0.0017838829116316442,1.4392569847709398,0.15392988417795642
39,Posthoc,271,1,0.0017838829116316442,1.4392569847709398,0.04878717610342121
40,Anytime,362,2,0.001857243249176679,1.7323265496054876,0.04470779190771206
40,Per_time,466,2,0.001857243249176679,1.7323265496054876,0.03895234603569855
40,GCC_T1,190,2,0.012517715430431899,1.4773050652555313,0.08884340963149352
40,GCC_T4,162,2,0.018934297946266426,1.3833401522901791,0.10186276543651669
40,Fixed_N,93,2,0.027858399200515267,1.3062998810047497,0.174982676092472
40,Posthoc,362,2,0.001857243249176679,1.7323265496054876,0.04470779190771206
41,Anytime,362,2,0.005216286448253346,1.5486267567361618,0.04470779190771206
41,Per_time,466,2,0.005000081411645211,1.5674016587857362,0.03895234603569855
41,GCC_T1,190,2,0.005216286448253346,1.5486267567361618,0.08884340963149352
41,GCC_T4,162,2,0.005216286448253346,1.5486267567361618,0.10186276543651669
41,Fixed_N,93,2,0.005216286448253346,1.5486267567361618,0.174982676092472
41,Posthoc,516,2,0.0046605930743823425,1.536300641321142,0.033967598945458415
42,Anytime,362,2,0.0025188828464786615,1.5733824867292796,0.04470779190771206
42,Per_time,466,2,0.0025188828464786615,1.5733824867292796,0.03895234603569855
42,GCC_T1,190,2,0.009516087856194401,1.414624031240709,0.08884340963149352
42,GCC_T4,162,2,0.009516087856194401,1.414624031240709,0.10186276543651669
42,Fixed_N,93,2,0.04705734514205794,2.126351621716389,0.174982676092472
42,Posthoc,362,2,0.0025188828464786615,1.5733824867292796,0.04470779190771206
43,Anytime,362,2,0.004091991688310038,1.4796968979526501,0.04470779190771206
43,Per_time,466,2,0.0040404796332754785,1.4818037979101117,0.03895234603569855
43,GCC_T1,190,2,0.010562714218841592,1.3452914702236367,0.08884340963149352
43,GCC_T4,162,2,0.010562714218841592,1.3452914702236367,0.10186276543651669
43,Fixed_N,93,2,0.016088216885926224,1.2902170233030792,0.174982676092472
43,Posthoc,763,2,0.002419505666717167,1.4468681060937938,0.022502838459799477
44,Anytime,362,2,0.009185834558625698,1.5980796290517825,0.04470779190771206
44,Per_time,466,2,0.0017913431649087997,1.6799236662522137,0.03895234603569855
44,GCC_T1,190,2,0.010407510431903596,1.6375164230909376,0.08884340963149352
44,GCC_T4,162,2,0.010407510431903596,1.6375164230909376,0.10186276543651669
44,Fixed_N,93,2,0.010407510431903596,1.6375164230909376,0.174982676092472
44,Posthoc,367,2,0.006819510584238232,1.5029906800557333,0.04470779190771206
45,Anytime,271,1,0.004438596225751125,1.569071009176311,0.04878717610342121
45,Per_time,466,2,0.0035885305822691738,1.80418442907427,0.03895234603569855
45,GCC_T1,190,2,0.010658946758451877,1.6158715092318219,0.08884340963149352
45,GCC_T4,162,2,0.0221611929477396,1.356500186120169,0.10186276543651669
45,Fixed_N,93,2,0.03361399479648779,1.2669741658624822,0.174982676092472
45,Posthoc,661,2,0.00038024478862229715,1.5510870711350826,0.02579464148538289
46,Anytime,325,1,0.0015389574940929294,1.4447828874358637,0.04140489820784634
46,Per_time,402,1,0.0015389574940929294,1.4447828874358637,0.035075444436606075
46,GCC_T1,146,1,0.002890102969203752,1.6187914265588956,0.09435851123028417
46,GCC_T4,132,1,0.002890102969203752,1.6187914265588956,0.11122389675566964
46,Fixed_N,93,1,0.002890102969203752,1.6187914265588956,0.15392988417795642
46,Posthoc,325,1,0.0015389574940929294,1.4447828874358637,0.04140489820784634
47,Anytime,362,2,0.005899839711002064,1.5240921260467126,0.04470779190771206
47,Per_time,466,2,0.003753461785128715,1.7193072807101526,0.03895234603569855
47,GCC_T1,190,2,0.023113263865248892,1.7236930826821424,0.08884340963149352
47,GCC_T4,162,2,0.023113263865248892,1.7236930826821424,0.10186276543651669
47,Fixed_N,93,2,0.028980418682370553,1.6295409625339123,0.174982676092472
47,Posthoc,362,2,0.005899839711002064,1.5240921260467126,0.04470779190771206
48,Anytime,362,2,0.0032891410927021287,1.4305574772569771,0.04470779190771206
48,Per_time,466,2,0.00295801511504408,1.4398088057349308,0.03895234603569855
48,GCC_T1,190,2,0.015021955741056624,1.6348564541812514,0.08884340963149352
48,GCC_T4,162,2,0.015021955741056624,1.6348564541812514,0.10186276543651669
48,Fixed_N,93,2,0.02961456155236683,1.4320500792750233,0.174982676092472
48,Posthoc,362,2,0.0032891410927021287,1.4305574772569771,0.04470779190771206
49,Anytime,271,1,0.012235340920493672,1.4186934223372165,0.04878717610342121
49,Per_time,466,2,0.009737751850188112,2.051438938789048,0.03895234603569855
49,GCC_T1,146,1,0.012235340920493672,1.4186934223372165,0.09435851123028417
49,GCC_T4,132,1,0.012235340920493672,1.4186934223372165,0.11122389675566964
49,Fixed_N,93,1,0.012235340920493672,1.4186934223372165,0.15392988417795642
49,Posthoc,271,1,0.012235340920493672,1.4186934223372165,0.04878717610342121
50,Anytime,362,2,0.002930397653208779,1.7679408506062635,0.04470779190771206
50,Per_time,466,2,0.002930397653208779,1.7679408506062635,0.03895234603569855
50,GCC_T1,190,2,0.002579001680507972,1.5481109818527896,0.08884340963149352
50,GCC_T4,162,2,0.002579001680507972,1.5481109818527896,0.10186276543651669
50,Fixed_N,93,2,0.0076829621650737765,1.7086906519097533,0.174982676092472
50,Posthoc,597,2,0.0024881169814637153,1.7408055256178896,0.02959763815910193
51,Anytime,362,2,0.003476266429668781,1.682160086558766,0.04470779190771206
51,Per_time,466,2,0.003476266429668781,1.682160086558766,0.03895234603569855
51,GCC_T1,190,2,0.005797284305970428,1.8052692151091634,0.08884340963149352
51,GCC_T4,162,2,0.005797284305970428,1.8052692151091634,0.10186276543651669
51,Fixed_N,93,1,0.014199885869922579,2.14197022326581,0.15392988417795642
51,Posthoc,721,2,0.0020420048716550472,1.5504971109073897,0.02579464148538289
52,Anytime,362,2,0.005287697954101692,1.417591733827051,0.04470779190771206
52,Per_time,466,2,0.005287697954101692,1.417591733827051,0.03895234603569855
52,GCC_T1,190,2,0.005287697954101692,1.417591733827051,0.08884340963149352
52,GCC_T4,162,2,0.014810289874420821,1.8368176536857326,0.10186276543651669
52,Fixed_N,93,2,0.018977783145901903,1.7331405351517681,0.174982676092472
52,Posthoc,362,2,0.005287697954101692,1.417591733827051,0.04470779190771206
53,Anytime,362,2,0.008830863006112476,1.5788040483792047,0.04470779190771206
53,Per_time,466,2,0.008830863006112476,1.5788040483792047,0.03895234603569855
53,GCC_T1,190,2,0.0129428006880947,1.641710315611689,0.08884340963149352
53,GCC_T4,162,2,0.0129428006880947,1.641710315611689,0.10186276543651669
53,Fixed_N,93,2,0.028944621000760014,1.642416678825641,0.174982676092472
53,Posthoc,654,2,0.007105007582891738,1.550357966916205,0.02579464148538289
54,Anytime,362,2,0.004683600326214657,1.5576542005554364,0.04470779190771206
54,Per_time,466,2,0.004683600326214657,1.5576542005554364,0.03895234603569855
54,GCC_T1,190,1,0.008139900104825933,1.6716886478932584,0.08007504176766067
54,GCC_T4,162,2,0.036377541902472874,1.4743400330100052,0.10186276543651669
54,Fixed_N,93,2,0.06212147926432155,1.4485177715501305,0.174982676092472
54,Posthoc,362,2,0.004683600326214657,1.5576542005554364,0.04470779190771206
55,Anytime,362,2,0.0077651319312579525,1.8712761654554846,0.04470779190771206
55,Per_time,466,2,0.004843954407522064,1.7391603456536593,0.03895234603569855
55,GCC_T1,146,1,0.01599239117104505,2.187166362881659,0.09435851123028417
55,GCC_T4,132,1,0.01599239117104505,2.187166362881659,0.11122389675566964
55,Fixed_N,93,1,0.01599239117104505,2.187166362881659,0.15392988417795642
55,Posthoc,518,2,0.0025821239873836705,1.5874058699250442,0.033967598945458415
56,Anytime,362,2,0.002673306817846501,1.733257340692764,0.04470779190771206
56,Per_time,466,2,0.002673306817846501,1.733257340692764,0.03895234603569855
56,GCC_T1,190,2,0.008465455101881375,2.003024813137405,0.08884340963149352
56,GCC_T4,162,2,0.008465455101881375,2.003024813137405,0.10186276543651669
56,Fixed_N,93,2,0.021977662750943656,1.7710057812191786,0.174982676092472
56,Posthoc,362,2,0.002673306817846501,1.733257340692764,0.04470779190771206
57,Anytime,362,2,0.00417940875221696,1.5825229622211001,0.04470779190771206
57,Per_time,466,2,0.00417940875221696,1.5825229622211001,0.03895234603569855
57,GCC_T1,190,2,0.00417940875221696,1.5825229622211001,0.08884340963149352
57,GCC_T4,162,2,0.019242336579709057,1.3278106384734762,0.10186276543651669
57,Fixed_N,93,2,0.019242336579709057,1.3278106384734762,0.174982676092472
57,Posthoc,362,2,0.00417940875221696,1.5825229622211001,0.04470779190771206
58,Anytime,362,2,0.0027753466442287772,1.8455442329510925,0.04470779190771206
58,Per_time,466,2,0.001062570300857546,1.7315537551430882,0.03895234603569855
58,GCC_T1,190,2,0.0027753466442287772,1.8455442329510925,0.08884340963149352
58,GCC_T4,162,2,0.0027753466442287772,1.8455442329510925,0.10186276543651669
58,Fixed_N,93,2,0.0056305303583995625,1.8319947846854354,0.174982676092472
58,Posthoc,433,2,0.001062570300857546,1.7315537551430882,0.03895234603569855
59,Anytime,271,1,0.0010708991998621064,1.572807608380569,0.04878717610342121
59,Per_time,402,1,0.0010708991998621064,1.572807608380569,0.035075444436606075
59,GCC_T1,146,1,0.0010708991998621064,1.572807608380569,0.09435851123028417
59,GCC_T4,132,1,0.0010708991998621064,1.572807608380569,0.11122389675566964
59,Fixed_N,93,1,0.0010708991998621064,1.572807608380569,0.15392988417795642
59,Posthoc,271,1,0.0010708991998621064,1.572807608380569,0.04878717610342121
60,Anytime,362,2,0.005297721828229045,1.6761362016944072,0.04470779190771206
60,Per_time,466,2,0.0029935329889622503,1.583910078509086,0.03895234603569855
60,GCC_T1,190,2,0.006621806240157639,1.7204340592505925,0.08884340963149352
60,GCC_T4,162,2,0.010640187050141912,1.8405312955724278,0.10186276543651669
60,Fixed_N,93,2,0.0229945342977894,1.561607030170284,0.174982676092472
60,Posthoc,539,2,0.0012506040690994993,1.458383767731635,0.033967598945458415
61,Anytime,362,2,0.004879857203572206,1.5121264228814288,0.04470779190771206
61,Per_time,466,2,0.004879857203572206,1.5121264228814288,0.03895234603569855
61,GCC_T1,190,2,0.00910837742342831,1.6507102081702507,0.08884340963149352
61,GCC_T4,162,2,0.00910837742342831,1.6507102081702507,0.10186276543651669
61,Fixed_N,93,1,0.03549015388230405,2.2672816097438333,0.15392988417795642
61,Posthoc,587,1,0.002919670923730931,1.4444104792924175,0.025300286930544896
62,Anytime,362,2,0.00581694945772452,1.5682974033827715,0.04470779190771206
62,Per_time,466,2,0.0055381126284926455,1.614379248376377,0.03895234603569855
62,GCC_T1,190,2,0.00581694945772452,1.5682974033827715,0.08884340963149352
62,GCC_T4,162,2,0.00581694945772452,1.5682974033827715,0.10186276543651669
62,Fixed_N,93,2,0.020217686177022066,1.8789857815514934,0.174982676092472
62,Posthoc,362,2,0.00581694945772452,1.5682974033827715,0.04470779190771206
63,Anytime,362,2,0.008629197031125668,1.5110513085657271,0.04470779190771206
63,Per_time,466,2,0.005094047414358185,1.573270844270978,0.03895234603569855
63,GCC_T1,190,2,0.01228521248425936,1.4651541005137252,0.08884340963149352
63,GCC_T4,162,2,0.01228521248425936,1.4651541005137252,0.10186276543651669
63,Fixed_N,93,2,0.01228521248425936,1.4651541005137252,0.174982676092472
63,Posthoc,382,2,0.00813682898032719,1.47823071266218,0.04470779190771206
64,Anytime,362,2,0.006400187280119598,1.6341735939180888,0.04470779190771206
64,Per_time,466,2,0.006400187280119598,1.6341735939180888,0.03895234603569855
64,GCC_T1,190,2,0.006400187280119598,1.6341735939180888,0.08884340963149352
64,GCC_T4,162,2,0.006400187280119598,1.6341735939180888,0.10186276543651669
64,Fixed_N,93,2,0.006400187280119598,1.6341735939180888,0.174982676092472
64,Posthoc,553,2,0.003564980835494872,1.4288030252477544,0.033967598945458415
65,Anytime,362,2,0.008513105700610354,1.3736626979502837,0.04470779190771206
65,Per_time,466,2,0.00818745290442424,1.3602324681927997,0.03895234603569855
65,GCC_T1,190,2,0.008513105700610354,1.3736626979502837,0.08884340963149352
65,GCC_T4,162,2,0.008513105700610354,1.3736626979502837,0.10186276543651669
65,Fixed_N,93,2,0.032539772173220675,1.2155742024518197,0.174982676092472
65,Posthoc,413,2,0.00818745290442424,1.3602324681927997,0.04470779190771206
66,Anytime,362,2,0.008160421832368451,1.7446759098501678,0.04470779190771206
66,Per_time,466,2,0.007929448947545874,1.761801746321681,0.03895234603569855
66,GCC_T1,190,2,0.008160421832368451,1.7446759098501678,0.08884340963149352
66,GCC_T4,162,2,0.008160421832368451,1.7446759098501678,0.10186276543651669
66,Fixed_N,93,2,0.008203936173114107,1.7459432948763145,0.174982676092472
66,Posthoc,653,2,0.003838266469854034,1.601672278622041,0.02579464148538289
67,Anytime,362,2,0.003581247576787063,1.499428300153453,0.04470779190771206
67,Per_time,466,2,0.003287339743323936,1.488421950574046,0.03895234603569855
67,GCC_T1,190,2,0.004065912049740447,1.4763403512359228,0.08884340963149352
67,GCC_T4,162,2,0.016534542769428746,1.72868868933565,0.10186276543651669
67,Fixed_N,93,2,0.016534542769428746,1.72868868933565,0.174982676092472
67,Posthoc,449,2,0.003287339743323936,1.488421950574046,0.03895234603569855
68,Anytime,271,1,0.009781498774787177,1.5978561755442633,0.04878717610342121
68,Per_time,402,1,0.0020842083158609417,1.8289690507875815,0.035075444436606075
68,GCC_T1,146,1,0.013590025139384435,1.6387347250180426,0.09435851123028417
68,GCC_T4,132,1,0.013590025139384435,1.6387347250180426,0.11122389675566964
68,Fixed_N,93,1,0.013590025139384435,1.6387347250180426,0.15392988417795642
68,Posthoc,362,2,0.009871922473327811,1.46440439710939,0.04470779190771206
69,Anytime,362,2,0.007603923031726723,1.71539408942474,0.04470779190771206
69,Per_time,466,2,0.007603923031726723,1.71539408942474,0.03895234603569855
69,GCC_T1,190,2,0.009910379092131527,1.7783835300258808,0.08884340963149352
69,GCC_T4,162,2,0.009910379092131527,1.7783835300258808,0.10186276543651669
69,Fixed_N,93,2,0.009910379092131527,1.7783835300258808,0.174982676092472
69,Posthoc,622,2,0.005229381703686684,1.643880892124202,0.02959763815910193
70,Anytime,362,2,0.0009850650742488029,1.5145831510064214,0.04470779190771206
70,Per_time,466,2,0.0009850650742488029,1.5145831510064214,0.03895234603569855
70,GCC_T1,190,2,0.012335526711373742,1.933425580320072,0.08884340963149352
70,GCC_T4,162,2,0.012335526711373742,1.933425580320072,0.10186276543651669
70,Fixed_N,93,2,0.0261834779666086,2.3410150467076822,0.174982676092472
70,Posthoc,362,2,0.0009850650742488029,1.5145831510064214,0.04470779190771206
71,Anytime,362,2,0.0022875181370956774,1.5110170618378562,0.04470779190771206
71,Per_time,466,2,0.0022875181370956774,1.5110170618378562,0.03895234603569855
71,GCC_T1,190,2,0.0035809106806253045,1.5627412632555528,0.08884340963149352
71,GCC_T4,162,2,0.0035809106806253045,1.5627412632555528,0.10186276543651669
71,Fixed_N,93,2,0.04786161527771135,1.3077914806829762,0.174982676092472
71,Posthoc,362,2,0.0022875181370956774,1.5110170618378562,0.04470779190771206
72,Anytime,362,2,0.004375478064063334,1.793284621157518,0.04470779190771206
72,Per_time,466,2,0.004375478064063334,1.793284621157518,0.03895234603569855
72,GCC_T1,190,2,0.006835358770040021,1.8975434585205035,0.08884340963149352
72,GCC_T4,162,2,0.006835358770040021,1.8975434585205035,0.10186276543651669
72,Fixed_N,93,2,0.015121876102535004,2.039076845805762,0.174982676092472
72,Posthoc,535,2,0.0037349531659784762,1.7628183842114333,0.033967598945458415
73,Anytime,278,1,0.0026596667725211276,1.7863533536507905,0.04878717610342121
73,Per_time,402,1,0.0026596667725211276,1.7863533536507905,0.035075444436606075
73,GCC_T1,190,2,0.005314425315069642,1.7145551316330818,0.08884340963149352
73,GCC_T4,162,2,0.005314425315069642,1.7145551316330818,0.10186276543651669
73,Fixed_N,93,2,0.01176234086240624,1.9129891842103393,0.174982676092472
73,Posthoc,278,1,0.0026596667725211276,1.7863533536507905,0.04878717610342121
74,Anytime,362,2,0.0036925084664021267,1.7582995385903584,0.04470779190771206
74,Per_time,466,2,0.0036925084664021267,1.7582995385903584,0.03895234603569855
74,GCC_T1,146,1,0.008278524265247866,1.6209777672672807,0.09435851123028417
74,GCC_T4,132,1,0.008278524265247866,1.6209777672672807,0.11122389675566964
74,Fixed_N,93,1,0.008278524265247866,1.6209777672672807,0.15392988417795642
74,Posthoc,468,2,0.0005618569421424709,1.494731029932913,0.03895234603569855
75,Anytime,271,1,0.009716173712316603,1.3416174203748965,0.04878717610342121
75,Per_time,466,2,0.002491646521678235,1.5884283539368254,0.03895234603569855
75,GCC_T1,190,1,0.009716173712316603,1.3416174203748965,0.08007504176766067
75,GCC_T4,162,2,0.0095697707591163,1.373972875342319,0.10186276543651669
75,Fixed_N,93,2,0.0095697707591163,1.373972875342319,0.174982676092472
75,Posthoc,271,1,0.009716173712316603,1.3416174203748965,0.04878717610342121
76,Anytime,362,2,0.004020949774082922,1.412042359573397,0.04470779190771206
76,Per_time,466,2,0.004020949774082922,1.412042359573397,0.03895234603569855
76,GCC_T1,190,2,0.00954971167219487,1.7454414012798176,0.08884340963149352
76,GCC_T4,162,2,0.00954971167219487,1.7454414012798176,0.10186276543651669
76,Fixed_N,93,2,0.019542484866926495,1.6254976982387883,0.174982676092472
76,Posthoc,362,2,0.004020949774082922,1.412042359573397,0.04470779190771206
77,Anytime,271,1,0.005878305493217002,1.3823975029865898,0.04878717610342121
77,Per_time,466,2,0.004700940215007226,1.3587899895284805,0.03895234603569855
77,GCC_T1,146,1,0.005878305493217002,1.3823975029865898,0.09435851123028417
77,GCC_T4,132,1,0.005878305493217002,1.3823975029865898,0.11122389675566964
77,Fixed_N,93,1,0.005878305493217002,1.3823975029865898,0.15392988417795642
77,Posthoc,281,1,0.005468226427182769,1.3462831812209723,0.04878717610342121
78,Anytime,362,2,0.0022908135563452087,1.4177975176857367,0.04470779190771206
78,Per_time,466,2,0.0022908135563452087,1.4177975176857367,0.03895234603569855
78,GCC_T1,190,2,0.0022908135563452087,1.4177975176857367,0.08884340963149352
78,GCC_T4,162,2,0.0022908135563452087,1.4177975176857367,0.10186276543651669
78,Fixed_N,93,2,0.002303211311251771,1.490382310283332,0.174982676092472
78,Posthoc,362,2,0.0022908135563452087,1.4177975176857367,0.04470779190771206
79,Anytime,362,2,0.004010486119865518,1.7313930316399357,0.04470779190771206
79,Per_time,466,2,0.004010486119865518,1.7313930316399357,0.03895234603569855
79,GCC_T1,190,2,0.004010486119865518,1.7313930316399357,0.08884340963149352
79,GCC_T4,162,2,0.008145975588191058,1.8813059593658372,0.10186276543651669
79,Fixed_N,93,2,0.011445305834713372,1.9883057523216616,0.174982676092472
79,Posthoc,362,2,0.004010486119865518,1.7313930316399357,0.04470779190771206
80,Anytime,362,2,0.008846590529012049,1.3208443390239417,0.04470779190771206
80,Per_time,466,2,0.00862129803868241,1.3233045567216015,0.03895234603569855
80,GCC_T1,190,2,0.0377790017049862,1.4885710479657228,0.08884340963149352
80,GCC_T4,162,2,0.043184414762397594,1.517325285418604,0.10186276543651669
80,Fixed_N,93,2,0.04526257488525341,1.4537045612217299,0.174982676092472
80,Posthoc,362,2,0.008846590529012049,1.3208443390239417,0.04470779190771206
81,Anytime,271,1,0.007063857906605734,1.3329514341421607,0.04878717610342121
81,Per_time,447,1,0.00013002650617633792,1.54644534755492,0.035075444436606075
81,GCC_T1,146,1,0.007063857906605734,1.3329514341421607,0.09435851123028417
81,GCC_T4,132,1,0.007063857906605734,1.3329514341421607,0.11122389675566964
81,Fixed_N,93,1,0.007063857906605734,1.3329514341421607,0.15392988417795642
81,Posthoc,271,1,0.007063857906605734,1.3329514341421607,0.04878717610342121
82,Anytime,362,2,0.007067099304346081,1.5864488411475046,0.04470779190771206
82,Per_time,466,2,0.007067099304346081,1.5864488411475046,0.03895234603569855
82,GCC_T1,190,2,0.008494044570185915,1.5420010735743033,0.08884340963149352
82,GCC_T4,162,2,0.008494044570185915,1.5420010735743033,0.10186276543651669
82,Fixed_N,93,2,0.0189347403870555,1.381778165730496,0.174982676092472
82,Posthoc,529,2,0.0034689513314177514,1.4664563229308107,0.033967598945458415
83,Anytime,271,1,0.0011375259669291703,1.6684010178272075,0.04878717610342121
83,Per_time,466,2,0.0009905129558454334,1.472646696640722,0.03895234603569855
83,GCC_T1,146,1,0.0011375259669291703,1.6684010178272075,0.09435851123028417
83,GCC_T4,132,1,0.0011375259669291703,1.6684010178272075,0.11122389675566964
83,Fixed_N,93,2,0.04579477839005969,1.332555272858904,0.174982676092472
83,Posthoc,435,2,0.0009905129558454334,1.472646696640722,0.03895234603569855
84,Anytime,362,2,0.011820943752802208,1.3920403956644407,0.04470779190771206
84,Per_time,466,2,0.011820943752802208,1.3920403956644407,0.03895234603569855
84,GCC_T1,190,2,0.012257353347274803,1.407024050039947,0.08884340963149352
84,GCC_T4,162,2,0.018184613644113817,1.3312521108519138,0.10186276543651669
84,Fixed_N,93,2,0.03029846319418796,1.3882359818631809,0.174982676092472
84,Posthoc,515,2,0.011104907194258275,1.360087443994068,0.033967598945458415
85,Anytime,362,2,0.0014668543026950618,1.6913906957264078,0.04470779190771206
85,Per_time,466,2,0.0014668543026950618,1.6913906957264078,0.03895234603569855
85,GCC_T1,146,1,0.001838907776591438,1.4725511229564598,0.09435851123028417
85,GCC_T4,132,1,0.001838907776591438,1.4725511229564598,0.11122389675566964
85,Fixed_N,93,1,0.001838907776591438,1.4725511229564598,0.15392988417795642
85,Posthoc,775,2,0.00037990846647790956,1.5755642448822516,0.022502838459799477
86,Anytime,271,1,0.00020416989691768078,1.6243781302025935,0.04878717610342121
86,Per_time,402,1,0.00020416989691768078,1.6243781302025935,0.035075444436606075
86,GCC_T1,190,1,0.0011910709129644155,1.5247607438680109,0.08007504176766067
86,GCC_T4,162,2,0.016677850460734996,1.3815265462441901,0.10186276543651669
86,Fixed_N,93,2,0.016677850460734996,1.3815265462441901,0.174982676092472
86,Posthoc,271,1,0.00020416989691768078,1.6243781302025935,0.04878717610342121
87,Anytime,362,2,0.007393083030477831,1.721719648572933,0.04470779190771206
87,Per_time,466,2,0.007393083030477831,1.721719648572933,0.03895234603569855
87,GCC_T1,190,2,0.012137694085337025,1.8780930212246345,0.08884340963149352
87,GCC_T4,162,2,0.012137694085337025,1.8780930212246345,0.10186276543651669
87,Fixed_N,93,2,0.012137694085337025,1.8780930212246345,0.174982676092472
87,Posthoc,619,2,0.005664532766178433,1.654971776011566,0.02959763815910193
88,Anytime,362,2,0.0037544377609586895,1.6112391529936088,0.04470779190771206
88,Per_time,466,2,0.0027154443078573087,1.5075240667218603,0.03895234603569855
88,GCC_T1,190,2,0.015350302276926063,1.7886888123430387,0.08884340963149352
88,GCC_T4,162,2,0.015350302276926063,1.7886888123430387,0.10186276543651669
88,Fixed_N,93,2,0.02927955083286243,1.5089813637801488,0.174982676092472
88,Posthoc,420,2,0.0027154443078573087,1.5075240667218603,0.03895234603569855
89,Anytime,362,2,0.0010311614429385813,1.5479390625428127,0.04470779190771206
89,Per_time,415,1,0.0007034899765786161,1.6818436880847254,0.035075444436606075
89,GCC_T1,190,2,0.0018860349564270012,1.6704109368672477,0.08884340963149352
89,GCC_T4,162,2,0.0018860349564270012,1.6704109368672477,0.10186276543651669
89,Fixed_N,93,2,0.003020308502573103,1.6225158326122033,0.174982676092472
89,Posthoc,362,2,0.0010311614429385813,1.5479390625428127,0.04470779190771206
90,Anytime,362,2,0.017108741256855586,1.9697344565822754,0.04470779190771206
90,Per_time,466,2,0.0069611099340780675,1.6708763555708825,0.03895234603569855
90,GCC_T1,190,2,0.017108741256855586,1.9697344565822754,0.08884340963149352
90,GCC_T4,162,2,0.017108741256855586,1.9697344565822754,0.10186276543651669
90,Fixed_N,93,2,0.017108741256855586,1.9697344565822754,0.174982676092472
90,Posthoc,486,2,0.006953843796192381,1.6706261645259382,0.033967598945458415
91,Anytime,362,2,0.006776330936797834,1.6758479697109598,0.04470779190771206
91,Per_time,466,2,0.006776330936797834,1.6758479697109598,0.03895234603569855
91,GCC_T1,190,2,0.00724419834078423,1.5092716543874747,0.08884340963149352
91,GCC_T4,162,2,0.00724419834078423,1.5092716543874747,0.10186276543651669
91,Fixed_N,93,2,0.00724419834078423,1.5092716543874747,0.174982676092472
91,Posthoc,502,1,0.00047615323628222853,1.60544578639315,0.02979375471749997
92,Anytime,362,2,0.00729503853626882,1.4295848425254896,0.04470779190771206
92,Per_time,466,2,0.0023228476055381477,1.5906400333237058,0.03895234603569855
92,GCC_T1,190,2,0.008031866345181896,1.588820107503986,0.08884340963149352
92,GCC_T4,162,2,0.01237658948835433,1.7896609995436856,0.10186276543651669
92,Fixed_N,93,2,0.01431401304059283,1.8611595145842417,0.174982676092472
92,Posthoc,362,2,0.00729503853626882,1.4295848425254896,0.04470779190771206
93,Anytime,362,2,0.0018328074934045812,1.564649657691546,0.04470779190771206
93,Per_time,466,2,0.0018171157771723458,1.5635960699391314,0.03895234603569855
93,GCC_T1,190,2,0.008214975112231581,1.4222342181401364,0.08884340963149352
93,GCC_T4,162,2,0.008214975112231581,1.4222342181401364,0.10186276543651669
93,Fixed_N,93,2,0.011941981977970067,1.3878283547648447,0.174982676092472
93,Posthoc,444,2,0.0018171157771723458,1.5635960699391314,0.03895234603569855
94,Anytime,273,1,0.00933371046910146,1.3900163421584364,0.04878717610342121
94,Per_time,444,1,0.0018798115489158866,1.4680072024038535,0.035075444436606075
94,GCC_T1,190,2,0.01075356097253585,1.5044791689972408,0.08884340963149352
94,GCC_T4,132,1,0.03154307226672412,1.2503038687903256,0.11122389675566964
94,Fixed_N,93,1,0.03154307226672412,1.2503038687903256,0.15392988417795642
94,Posthoc,273,1,0.00933371046910146,1.3900163421584364,0.04878717610342121
95,Anytime,362,2,0.008156108485410202,1.6642787413351434,0.04470779190771206
95,Per_time,466,2,0.0013804691136778719,1.4746979880023874,0.03895234603569855
95,GCC_T1,190,2,0.008156108485410202,1.6642787413351434,0.08884340963149352
95,GCC_T4,162,2,0.008156108485410202,1.6642787413351434,0.10186276543651669
95,Fixed_N,93,2,0.008156108485410202,1.6642787413351434,0.174982676092472
95,Posthoc,371,2,0.0013804691136778719,1.4746979880023874,0.04470779190771206
96,Anytime,271,1,0.001012114781268714,1.4962547498214058,0.04878717610342121
96,Per_time,402,1,0.001012114781268714,1.4962547498214058,0.035075444436606075
96,GCC_T1,190,2,0.011581683820319372,1.9481333073219316,0.08884340963149352
96,GCC_T4,162,2,0.011581683820319372,1.9481333073219316,0.10186276543651669
96,Fixed_N,93,2,0.012045519332918243,1.4348377886361958,0.174982676092472
96,Posthoc,271,1,0.001012114781268714,1.4962547498214058,0.04878717610342121
97,Anytime,362,2,0.003639504920001973,1.7616764570063588,0.04470779190771206
97,Per_time,466,2,0.003639504920001973,1.7616764570063588,0.03895234603569855
97,GCC_T1,190,2,0.012591071136651366,1.4693816491286538,0.08884340963149352
97,GCC_T4,162,2,0.012591071136651366,1.4693816491286538,0.10186276543651669
97,Fixed_N,93,2,0.027629707816663518,1.4651773114247546,0.174982676092472
97,Posthoc,362,2,0.003639504920001973,1.7616764570063588,0.04470779190771206
98,Anytime,362,2,0.007579184833588634,1.4932607613208244,0.04470779190771206
98,Per_time,466,2,0.007579184833588634,1.4932607613208244,0.03895234603569855
98,GCC_T1,190,2,0.00942025891390095,1.5174164002286035,0.08884340963149352
98,GCC_T4,162,2,0.00942025891390095,1.5174164002286035,0.10186276543651669
98,Fixed_N,93,2,0.00942025891390095,1.5174164002286035,0.174982676092472
98,Posthoc,362,2,0.007579184833588634,1.4932607613208244,0.04470779190771206
99,Anytime,271,1,0.006331576428310407,1.5860371813731469,0.04878717610342121
99,Per_time,402,1,0.006331576428310407,1.5860371813731469,0.035075444436606075
99,GCC_T1,146,1,0.006331576428310407,1.5860371813731469,0.09435851123028417
99,GCC_T4,132,1,0.006331576428310407,1.5860371813731469,0.11122389675566964
99,Fixed_N,93,1,0.006331576428310407,1.5860371813731469,0.15392988417795642
99,Posthoc,711,2,0.004992324878217744,1.5381396650010242,0.02579464148538289
100,Anytime,362,2,0.0018575050596205164,1.4261733357621986,0.04470779190771206
100,Per_time,466,2,0.0018575050596205164,1.4261733357621986,0.03895234603569855
100,GCC_T1,190,2,0.006031117473638949,1.625455995345684,0.08884340963149352
100,GCC_T4,162,2,0.006031117473638949,1.625455995345684,0.10186276543651669
100,Fixed_N,93,2,0.04236034345358672,2.627495211963718,0.174982676092472
100,Posthoc,362,2,0.0018575050596205164,1.4261733357621986,0.04470779190771206
101,Anytime,362,2,0.0015161645890873225,1.6105748890179865,0.04470779190771206
101,Per_time,466,2,0.0015161645890873225,1.6105748890179865,0.03895234603569855
101,GCC_T1,190,2,0.023071512733442972,1.9241989336742844,0.08884340963149352
101,GCC_T4,162,2,0.023071512733442972,1.9241989336742844,0.10186276543651669
101,Fixed_N,93,2,0.023071512733442972,1.9241989336742844,0.174982676092472
101,Posthoc,362,2,0.0015161645890873225,1.6105748890179865,0.04470779190771206
102,Anytime,362,2,0.00608568962586096,1.6269618467198799,0.04470779190771206
102,Per_time,466,2,0.00608568962586096,1.6269618467198799,0.03895234603569855
102,GCC_T1,190,2,0.02050875380208809,1.9621837242231157,0.08884340963149352
102,GCC_T4,162,2,0.02050875380208809,1.9621837242231157,0.10186276543651669
102,Fixed_N,93,2,0.022988659252254996,2.0469856467367844,0.174982676092472
102,Posthoc,362,2,0.00608568962586096,1.6269618467198799,0.04470779190771206
103,Anytime,362,2,0.002619190244845913,1.6300890512802853,0.04470779190771206
103,Per_time,466,2,0.002619190244845913,1.6300890512802853,0.03895234603569855
103,GCC_T1,146,1,0.002536686505050879,1.6144207321224815,0.09435851123028417
103,GCC_T4,132,1,0.002536686505050879,1.6144207321224815,0.11122389675566964
103,Fixed_N,93,2,0.03216361355606224,1.9574342763527683,0.174982676092472
103,Posthoc,583,2,0.0023320384375311322,1.6183563806365622,0.02959763815910193
104,Anytime,362,2,0.01120802691888516,1.3358454158082873,0.04470779190771206
104,Per_time,466,2,0.006708753587579037,1.3899742065259444,0.03895234603569855
104,GCC_T1,190,2,0.01978154900618194,1.2702381766356852,0.08884340963149352
104,GCC_T4,162,2,0.023934551717859236,1.2469301699740505,0.10186276543651669
104,Fixed_N,93,2,0.023948712158873755,1.2468569071919031,0.174982676092472
104,Posthoc,362,2,0.01120802691888516,1.3358454158082873,0.04470779190771206
105,Anytime,362,2,0.0018212678501244581,1.4867223529112186,0.04470779190771206
105,Per_time,466,2,0.0018212678501244581,1.4867223529112186,0.03895234603569855
105,GCC_T1,190,2,0.02434311433885516,1.9505276558839753,0.08884340963149352
105,GCC_T4,162,2,0.02434311433885516,1.9505276558839753,0.10186276543651669
105,Fixed_N,93,2,0.03721603581464752,2.2115714297406353,0.174982676092472
105,Posthoc,362,2,0.0018212678501244581,1.4867223529112186,0.04470779190771206
106,Anytime,362,2,0.003395951772992723,1.7190911349901856,0.04470779190771206
106,Per_time,466,2,0.003395951772992723,1.7190911349901856,0.03895234603569855
106,GCC_T1,190,2,0.00550809210266608,1.6413039936994458,0.08884340963149352
106,GCC_T4,162,2,0.01188269896100508,1.8076632349263886,0.10186276543651669
106,Fixed_N,93,2,0.017650168377887895,1.9460419121228036,0.174982676092472
106,Posthoc,671,2,0.0016645568933389959,1.559438158493123,0.02579464148538289
107,Anytime,271,1,0.0002941186400072221,1.5407008912326352,0.04878717610342121
107,Per_time,402,1,0.0002941186400072221,1.5407008912326352,0.035075444436606075
107,GCC_T1,146,1,0.0002941186400072221,1.5407008912326352,0.09435851123028417
107,GCC_T4,132,1,0.0002941186400072221,1.5407008912326352,0.11122389675566964
107,Fixed_N,93,1,0.0002941186400072221,1.5407008912326352,0.15392988417795642
107,Posthoc,271,1,0.0002941186400072221,1.5407008912326352,0.04878717610342121
108,Anytime,362,2,0.0036310996936679777,1.5391853299616,0.04470779190771206
108,Per_time,466,2,0.002632740710077607,1.5717164623121758,0.03895234603569855
108,GCC_T1,190,2,0.005708688099707582,1.677103310987568,0.08884340963149352
108,GCC_T4,162,2,0.005708688099707582,1.677103310987568,0.10186276543651669
108,Fixed_N,93,2,0.005708688099707582,1.677103310987568,0.174982676092472
108,Posthoc,362,2,0.0036310996936679777,1.5391853299616,0.04470779190771206
109,Anytime,271,1,0.009969275342358487,1.721327724525677,0.04878717610342121
109,Per_time,402,1,0.009969275342358487,1.721327724525677,0.035075444436606075
109,GCC_T1,190,2,0.025882463211474842,1.889529053904429,0.08884340963149352
109,GCC_T4,162,2,0.025882463211474842,1.889529053904429,0.10186276543651669
109,Fixed_N,93,2,0.032220035297025204,1.6646423440999625,0.174982676092472
109,Posthoc,565,1,0.0010251370604781817,1.5308333150682047,0.025300286930544896
110,Anytime,271,1,0.002552487613145049,1.4149926913907112,0.04878717610342121
110,Per_time,466,2,0.0005752874322580608,1.6175024135407263,0.03895234603569855
110,GCC_T1,146,1,0.002552487613145049,1.4149926913907112,0.09435851123028417
110,GCC_T4,132,1,0.002552487613145049,1.4149926913907112,0.11122389675566964
110,Fixed_N,93,2,0.044808886899504435,1.261489669182316,0.174982676092472
110,Posthoc,271,1,0.002552487613145049,1.4149926913907112,0.04878717610342121
111,Anytime,362,2,0.00771850880039311,1.4481957915237589,0.04470779190771206
111,Per_time,461,1,0.005325531498543458,1.7700493614268742,0.02979375471749997
111,GCC_T1,190,2,0.02048292719965328,1.7486204175426512,0.08884340963149352
111,GCC_T4,162,2,0.02048292719965328,1.7486204175426512,0.10186276543651669
111,Fixed_N,93,2,0.02048292719965328,1.7486204175426512,0.174982676092472
111,Posthoc,362,2,0.00771850880039311,1.4481957915237589,0.04470779190771206
112,Anytime,362,2,0.0015788968937105285,1.7137301736433705,0.04470779190771206
112,Per_time,466,2,0.0015788968937105285,1.7137301736433705,0.03895234603569855
112,GCC_T1,190,2,0.014471642984695868,1.3911018300890288,0.08884340963149352
112,GCC_T4,162,2,0.014471642984695868,1.3911018300890288,0.10186276543651669
112,Fixed_N,93,2,0.015818299991037846,1.401650698675973,0.174982676092472
112,Posthoc,362,2,0.0015788968937105285,1.7137301736433705,0.04470779190771206
113,Anytime,271,1,0.0006063166727440741,1.5796421169108343,0.04878717610342121
113,Per_time,402,1,0.0006063166727440741,1.5796421169108343,0.035075444436606075
113,GCC_T1,190,1,0.0006063166727440741,1.5796421169108343,0.08007504176766067
113,GCC_T4,162,1,0.0006063166727440741,1.5796421169108343,0.08007504176766067
113,Fixed_N,93,2,0.018723157512642648,1.8927478843326013,0.174982676092472
113,Posthoc,271,1,0.0006063166727440741,1.5796421169108343,0.04878717610342121
114,Anytime,362,2,0.006649077982935382,1.6777234847504487,0.04470779190771206
114,Per_time,466,2,0.006649077982935382,1.6777234847504487,0.03895234603569855
114,GCC_T1,190,2,0.011640672931236265,1.8024257414930998,0.08884340963149352
114,GCC_T4,162,2,0.011640672931236265,1.8024257414930998,0.10186276543651669
114,Fixed_N,93,2,0.027629832053964107,2.1852559814207155,0.174982676092472
114,Posthoc,362,2,0.006649077982935382,1.6777234847504487,0.04470779190771206
115,Anytime,362,2,0.0065434953159820295,1.825793701529017,0.04470779190771206
115,Per_time,466,2,0.0034212414527791403,1.6890893743553763,0.03895234603569855
115,GCC_T1,190,2,0.01661035634195305,1.568504963499771,0.08884340963149352
115,GCC_T4,162,2,0.01661035634195305,1.568504963499771,0.10186276543651669
115,Fixed_N,93,2,0.02240737348334385,1.4706249052322515,0.174982676092472
115,Posthoc,453,2,0.0034212414527791403,1.6890893743553763,0.03895234603569855
116,Anytime,362,2,0.006085075862568469,1.7644196326850292,0.04470779190771206
116,Per_time,466,2,0.00483331485438993,1.7212259230034046,0.03895234603569855
116,GCC_T1,190,2,0.012073822688188214,1.6477849912331297,0.08884340963149352
116,GCC_T4,162,2,0.012073822688188214,1.6477849912331297,0.10186276543651669
116,Fixed_N,93,2,0.02712513936012284,1.3850498779291518,0.174982676092472
116,Posthoc,378,2,0.00483331485438993,1.7212259230034046,0.04470779190771206
117,Anytime,362,2,0.0064764546511628775,1.4280298998740557,0.04470779190771206
117,Per_time,466,2,0.001049900935339582,1.6094141985739476,0.03895234603569855
117,GCC_T1,190,2,0.0064764546511628775,1.4280298998740557,0.08884340963149352
117,GCC_T4,162,2,0.0064764546511628775,1.4280298998740557,0.10186276543651669
117,Fixed_N,93,2,0.03477254781949582,1.2198077420071363,0.174982676092472
117,Posthoc,362,2,0.0064764546511628775,1.4280298998740557,0.04470779190771206
118,Anytime,362,2,0.012036884340087038,1.473558095238274,0.04470779190771206
118,Per_time,466,2,0.007370864818406039,1.7329835127955053,0.03895234603569855
118,GCC_T1,190,2,0.012036884340087038,1.473558095238274,0.08884340963149352
118,GCC_T4,162,2,0.012036884340087038,1.473558095238274,0.10186276543651669
118,Fixed_N,93,1,0.015315497789001284,1.3886746874143105,0.15392988417795642
118,Posthoc,362,2,0.012036884340087038,1.473558095238274,0.04470779190771206
119,Anytime,362,2,0.002234779467450355,1.7830387912353678,0.04470779190771206
119,Per_time,466,2,0.002234779467450355,1.7830387912353678,0.03895234603569855
119,GCC_T1,190,2,0.002234779467450355,1.7830387912353678,0.08884340963149352
119,GCC_T4,162,2,0.002234779467450355,1.7830387912353678,0.10186276543651669
119,Fixed_N,93,1,0.007306641540261729,2.028150196722566,0.15392988417795642
119,Posthoc,550,2,0.0013840088446535328,1.7244823703362606,0.033967598945458415
120,Anytime,362,2,0.0030792840038416872,1.693341789080216,0.04470779190771206
120,Per_time,466,2,0.0010199205845134972,1.5431019604838618,0.03895234603569855
120,GCC_T1,190,2,0.0030792840038416872,1.693341789080216,0.08884340963149352
120,GCC_T4,162,2,0.0030792840038416872,1.693341789080216,0.10186276543651669
120,Fixed_N,93,2,0.0030792840038416872,1.693341789080216,0.174982676092472
120,Posthoc,588,2,0.00085258933871838,1.5161281368029045,0.02959763815910193
121,Anytime,362,2,0.003822344171034836,1.5357584075760526,0.04470779190771206
121,Per_time,466,2,0.002600719734407743,1.5975819809342466,0.03895234603569855
121,GCC_T1,190,2,0.017811684594005436,1.8364925888561494,0.08884340963149352
121,GCC_T4,132,1,0.01935500531291087,1.5298212449002084,0.11122389675566964
121,Fixed_N,93,1,0.05316261367338654,2.102037430107598,0.15392988417795642
121,Posthoc,486,2,0.0016229300014505023,1.5149257406518235,0.033967598945458415
122,Anytime,362,2,0.0018335631328511412,1.6855581756841447,0.04470779190771206
122,Per_time,466,2,0.0018335631328511412,1.6855581756841447,0.03895234603569855
122,GCC_T1,190,2,0.0018335631328511412,1.6855581756841447,0.08884340963149352
122,GCC_T4,162,2,0.0018335631328511412,1.6855581756841447,0.10186276543651669
122,Fixed_N,93,2,0.03672641423978247,1.4579559474056474,0.174982676092472
122,Posthoc,362,2,0.0018335631328511412,1.6855581756841447,0.04470779190771206
123,Anytime,362,2,0.0024203957898439325,1.7248773741670504,0.04470779190771206
123,Per_time,466,2,0.0024203957898439325,1.7248773741670504,0.03895234603569855
123,GCC_T1,190,2,0.0073304148631019314,1.586630551011865,0.08884340963149352
123,GCC_T4,162,2,0.0076059358577575675,1.581598147576576,0.10186276543651669
123,Fixed_N,93,2,0.0076059358577575675,1.581598147576576,0.174982676092472
123,Posthoc,776,2,0.0019516576174721302,1.68530426373354,0.022502838459799477
124,Anytime,271,1,0.0008892689507620655,1.4929301937018615,0.04878717610342121
124,Per_time,402,1,0.0008892689507620655,1.4929301937018615,0.035075444436606075
124,GCC_T1,146,1,0.0008892689507620655,1.4929301937018615,0.09435851123028417
124,GCC_T4,132,1,0.0008892689507620655,1.4929301937018615,0.11122389675566964
124,Fixed_N,93,1,0.0008892689507620655,1.4929301937018615,0.15392988417795642
124,Posthoc,271,1,0.0008892689507620655,1.4929301937018615,0.04878717610342121
125,Anytime,362,2,0.007198181182638154,1.4067806689431825,0.04470779190771206
125,Per_time,466,2,0.004882607737665085,1.4760337518474251,0.03895234603569855
125,GCC_T1,146,1,0.012063988727765493,1.3301809992743594,0.09435851123028417
125,GCC_T4,132,1,0.012063988727765493,1.3301809992743594,0.11122389675566964
125,Fixed_N,93,1,0.012063988727765493,1.3301809992743594,0.15392988417795642
125,Posthoc,362,2,0.007198181182638154,1.4067806689431825,0.04470779190771206
126,Anytime,362,2,0.011972461924397278,1.8480261966108638,0.04470779190771206
126,Per_time,466,2,0.004182859549711508,1.6180420634598713,0.03895234603569855
126,GCC_T1,190,2,0.011589501023761821,1.5981228281257964,0.08884340963149352
126,GCC_T4,162,2,0.011589501023761821,1.5981228281257964,0.10186276543651669
126,Fixed_N,93,2,0.011589501023761821,1.5981228281257964,0.174982676092472
126,Posthoc,673,2,0.004117500335974637,1.6160014170852672,0.02579464148538289
127,Anytime,362,2,0.005056737514815767,1.5696726144871656,0.04470779190771206
127,Per_time,466,2,0.003519298257213891,1.529820932574002,0.03895234603569855
127,GCC_T1,190,2,0.01635770086665742,1.3333067017252347,0.08884340963149352
127,GCC_T4,162,2,0.01635770086665742,1.3333067017252347,0.10186276543651669
127,Fixed_N,93,2,0.025574679163983566,1.3799673698147845,0.174982676092472
127,Posthoc,392,2,0.003519298257213891,1.529820932574002,0.04470779190771206
128,Anytime,362,2,0.00398857457075605,1.475145127259904,0.04470779190771206
128,Per_time,466,2,0.00398857457075605,1.475145127259904,0.03895234603569855
128,GCC_T1,190,2,0.022516869891556223,1.277561110799001,0.08884340963149352
128,GCC_T4,162,2,0.022516869891556223,1.277561110799001,0.10186276543651669
128,Fixed_N,93,2,0.03404255776964417,1.30030029278754,0.174982676092472
128,Posthoc,508,2,0.003943911466886096,1.4550943637216744,0.033967598945458415
129,Anytime,362,2,0.003046036057074022,1.6939180990768443,0.04470779190771206
129,Per_time,466,2,0.003046036057074022,1.6939180990768443,0.03895234603569855
129,GCC_T1,190,2,0.0051613703025472695,1.697675079836313,0.08884340963149352
129,GCC_T4,162,2,0.0051613703025472695,1.697675079836313,0.10186276543651669
129,Fixed_N,93,2,0.005429997130608984,1.6846393207535273,0.174982676092472
129,Posthoc,362,2,0.003046036057074022,1.6939180990768443,0.04470779190771206
130,Anytime,271,1,0.004244116285596591,1.6257727328758558,0.04878717610342121
130,Per_time,402,1,0.004244116285596591,1.6257727328758558,0.035075444436606075
130,GCC_T1,146,1,0.004244116285596591,1.6257727328758558,0.09435851123028417
130,GCC_T4,132,1,0.004244116285596591,1.6257727328758558,0.11122389675566964
130,Fixed_N,93,2,0.014098674119950413,1.6553502118267271,0.174982676092472
130,Posthoc,271,1,0.004244116285596591,1.6257727328758558,0.04878717610342121
131,Anytime,362,2,0.005956201265873409,1.6519777833980895,0.04470779190771206
131,Per_time,466,2,0.008239999798200972,1.8774699434815227,0.03895234603569855
131,GCC_T1,190,2,0.005956201265873409,1.6519777833980895,0.08884340963149352
131,GCC_T4,162,2,0.032480258643434894,2.5754427858699507,0.10186276543651669
131,Fixed_N,93,2,0.03613974855347607,2.7273556526114526,0.174982676092472
131,Posthoc,362,2,0.005956201265873409,1.6519777833980895,0.04470779190771206
132,Anytime,362,2,0.005998546217580629,1.5188123324041845,0.04470779190771206
132,Per_time,466,2,0.005998546217580629,1.5188123324041845,0.03895234603569855
132,GCC_T1,190,2,0.006765996977067934,1.4869308146016984,0.08884340963149352
132,GCC_T4,162,2,0.006765996977067934,1.4869308146016984,0.10186276543651669
132,Fixed_N,93,2,0.01299662026685674,1.6246792084246562,0.174982676092472
132,Posthoc,362,2,0.005998546217580629,1.5188123324041845,0.04470779190771206
133,Anytime,362,2,0.009327282804449293,1.4227831044506976,0.04470779190771206
133,Per_time,466,2,0.009327282804449293,1.4227831044506976,0.03895234603569855
133,GCC_T1,190,2,0.010858864656097447,1.4016639600616745,0.08884340963149352
133,GCC_T4,162,2,0.010858864656097447,1.4016639600616745,0.10186276543651669
133,Fixed_N,93,2,0.010858864656097447,1.4016639600616745,0.174982676092472
133,Posthoc,362,2,0.009327282804449293,1.4227831044506976,0.04470779190771206
134,Anytime,362,2,0.0043932243954328066,1.5178030910271518,0.04470779190771206
134,Per_time,466,2,0.0043932243954328066,1.5178030910271518,0.03895234603569855
134,GCC_T1,190,2,0.0043932243954328066,1.5178030910271518,0.08884340963149352
134,GCC_T4,162,2,0.0043932243954328066,1.5178030910271518,0.10186276543651669
134,Fixed_N,93,2,0.014488620666639173,1.7825538984821578,0.174982676092472
134,Posthoc,362,2,0.0043932243954328066,1.5178030910271518,0.04470779190771206
135,Anytime,362,2,0.0027521437350735097,1.6418395043974563,0.04470779190771206
135,Per_time,466,2,0.0027521437350735097,1.6418395043974563,0.03895234603569855
135,GCC_T1,190,2,0.0035906416680068654,1.6975704761035837,0.08884340963149352
135,GCC_T4,162,2,0.03209610152968551,1.6996886235893647,0.10186276543651669
135,Fixed_N,93,2,0.032752713514534175,1.6733901847277364,0.174982676092472
135,Posthoc,362,2,0.0027521437350735097,1.6418395043974563,0.04470779190771206
136,Anytime,362,2,0.0037572827413226186,1.6137017767991224,0.04470779190771206
136,Per_time,466,2,0.0037572827413226186,1.6137017767991224,0.03895234603569855
136,GCC_T1,190,2,0.004206875331799686,1.5759586885212635,0.08884340963149352
136,GCC_T4,162,2,0.004206875331799686,1.5759586885212635,0.10186276543651669
136,Fixed_N,93,2,0.004605162920048884,1.5517797902658803,0.174982676092472
136,Posthoc,566,2,0.0012575438437669101,1.4469462036467975,0.02959763815910193
137,Anytime,362,2,0.0068787746354969405,1.6409426666661793,0.04470779190771206
137,Per_time,466,2,0.0038301481093982424,1.3827790926370018,0.03895234603569855
137,GCC_T1,190,2,0.02737850637809149,1.3037904066820782,0.08884340963149352
137,GCC_T4,162,2,0.02737850637809149,1.3037904066820782,0.10186276543651669
137,Fixed_N,93,2,0.02737850637809149,1.3037904066820782,0.174982676092472
137,Posthoc,417,2,0.0038301481093982424,1.3827790926370018,0.04470779190771206
138,Anytime,362,2,0.0060268054654139406,1.6319777077835658,0.04470779190771206
138,Per_time,466,2,0.005663638634909331,1.6764182189379289,0.03895234603569855
138,GCC_T1,190,2,0.006086641087518322,1.6265473168147824,0.08884340963149352
138,GCC_T4,162,2,0.037566809026666856,1.2249501016945112,0.10186276543651669
138,Fixed_N,93,2,0.05676218215544965,1.6938746834616214,0.174982676092472
138,Posthoc,474,2,0.0013814165731775906,1.4805038726359507,0.03895234603569855
139,Anytime,362,2,0.008790742885661354,1.3162875267517937,0.04470779190771206
139,Per_time,466,2,0.008790742885661354,1.3162875267517937,0.03895234603569855
139,GCC_T1,146,1,0.014469982692776339,1.2678785131310364,0.09435851123028417
139,GCC_T4,132,1,0.014469982692776339,1.2678785131310364,0.11122389675566964
139,Fixed_N,93,1,0.014469982692776339,1.2678785131310364,0.15392988417795642
139,Posthoc,362,2,0.008790742885661354,1.3162875267517937,0.04470779190771206
140,Anytime,362,2,0.003366978758395291,1.5084452666587305,0.04470779190771206
140,Per_time,466,2,0.003366978758395291,1.5084452666587305,0.03895234603569855
140,GCC_T1,190,2,0.003366978758395291,1.5084452666587305,0.08884340963149352
140,GCC_T4,162,2,0.01015619996555491,1.6672634491064975,0.10186276543651669
140,Fixed_N,93,2,0.02879331645456973,2.025085916531821,0.174982676092472
140,Posthoc,362,2,0.003366978758395291,1.5084452666587305,0.04470779190771206
141,Anytime,362,2,0.009229115755026298,1.6289954346630782,0.04470779190771206
141,Per_time,466,2,0.009229115755026298,1.6289954346630782,0.03895234603569855
141,GCC_T1,146,1,0.009890339584868096,1.5721518043392233,0.09435851123028417
141,GCC_T4,132,1,0.009890339584868096,1.5721518043392233,0.11122389675566964
141,Fixed_N,93,2,0.025231329230444036,1.8045152818372374,0.174982676092472
141,Posthoc,577,2,0.0047766761614533755,1.5226469131482654,0.02959763815910193
142,Anytime,362,2,0.011067478586264095,1.4435028718664469,0.04470779190771206
142,Per_time,466,2,0.008077639041095205,1.49468747554402,0.03895234603569855
142,GCC_T1,190,2,0.015110277284021529,1.5133835434377512,0.08884340963149352
142,GCC_T4,162,2,0.015771639845416973,1.5063305277995962,0.10186276543651669
142,Fixed_N,93,2,0.015771639845416973,1.5063305277995962,0.174982676092472
142,Posthoc,362,2,0.011067478586264095,1.4435028718664469,0.04470779190771206
143,Anytime,271,1,0.012324242778330257,2.087675065824341,0.04878717610342121
143,Per_time,466,2,0.006374972881865801,1.8458243036590802,0.03895234603569855
143,GCC_T1,190,2,0.027195426255249486,1.9709966799738228,0.08884340963149352
143,GCC_T4,162,2,0.02896447365400305,2.0351603908120843,0.10186276543651669
143,Fixed_N,93,1,0.03079581218779566,2.1020300808631918,0.15392988417795642
143,Posthoc,644,2,0.006166147450309187,1.8364055827299723,0.02579464148538289
144,Anytime,362,2,0.00786445391692559,1.7721454989807108,0.04470779190771206
144,Per_time,466,2,0.00786445391692559,1.7721454989807108,0.03895234603569855
144,GCC_T1,190,2,0.017308727310832803,1.5321994349406152,0.08884340963149352
144,GCC_T4,162,2,0.03232596678923213,1.6684377774500125,0.10186276543651669
144,Fixed_N,93,2,0.03669354835795857,1.7122880864790442,0.174982676092472
144,Posthoc,670,2,0.002702954864923854,1.4336065487786225,0.02579464148538289
145,Anytime,362,2,0.008079612855340033,1.6872030774190305,0.04470779190771206
145,Per_time,466,2,0.004708868278036543,1.572403028230331,0.03895234603569855
145,GCC_T1,190,2,0.008391805382337154,1.7080601071647743,0.08884340963149352
145,GCC_T4,132,1,0.009509976229085188,1.7730705026162945,0.11122389675566964
145,Fixed_N,93,2,0.020443837487297018,1.4663971392111994,0.174982676092472
145,Posthoc,736,2,0.003940709633443173,1.5457706150402195,0.02579464148538289
146,Anytime,362,2,0.003710896163089373,1.4482797027852845,0.04470779190771206
146,Per_time,466,2,0.002931029666984841,1.4764505743827483,0.03895234603569855
146,GCC_T1,190,2,0.023311811342412423,1.806443464577722,0.08884340963149352
146,GCC_T4,162,2,0.023311811342412423,1.806443464577722,0.10186276543651669
146,Fixed_N,93,2,0.027142514690891913,1.8987505736876216,0.174982676092472
146,Posthoc,362,2,0.003710896163089373,1.4482797027852845,0.04470779190771206
147,Anytime,362,2,0.002261200198710144,1.577286044666023,0.04470779190771206
147,Per_time,466,2,0.002261200198710144,1.577286044666023,0.03895234603569855
147,GCC_T1,190,2,0.002261200198710144,1.577286044666023,0.08884340963149352
147,GCC_T4,162,2,0.002261200198710144,1.577286044666023,0.10186276543651669
147,Fixed_N,93,2,0.007800286548165383,1.4315946439124287,0.174982676092472
147,Posthoc,362,2,0.002261200198710144,1.577286044666023,0.04470779190771206
148,Anytime,362,2,0.002207411129557466,1.5135320875898362,0.04470779190771206
148,Per_time,466,2,0.002207411129557466,1.5135320875898362,0.03895234603569855
148,GCC_T1,190,2,0.010380154391654147,1.3517927103482759,0.08884340963149352
148,GCC_T4,162,2,0.020999720997545802,1.2674661651686927,0.10186276543651669
148,Fixed_N,93,2,0.020999720997545802,1.2674661651686927,0.174982676092472
148,Posthoc,362,2,0.002207411129557466,1.5135320875898362,0.04470779190771206
149,Anytime,362,2,0.010052704171355906,1.8160550060757388,0.04470779190771206
149,Per_time,456,1,0.002239914104996897,1.766941653683172,0.02979375471749997
149,GCC_T1,146,1,0.009435886990451633,1.6296010176457307,0.09435851123028417
149,GCC_T4,162,1,0.009435886990451633,1.6296010176457307,0.08007504176766067
149,Fixed_N,93,2,0.0185325172989149,1.5809357836460662,0.174982676092472
149,Posthoc,456,1,0.002239914104996897,1.766941653683172,0.02979375471749997
